,library_size,detected_genes,noninteger_entries
TCGA-A7-A13E-01A,43134205.5,41731,22375
TCGA-A7-A26E-01A,61171195.0,40249,21450
TCGA-A7-A0DB-01A,46898761.0,40744,21314
TCGA-A7-A13D-01A,48639074.0,39808,20998
TCGA-A7-A26J-01A,57719766.0,38171,20302
TCGA-GM-A2DO-01A,21317570.0,30741,0
TCGA-BH-A1ES-01A,23194341.0,28614,0
TCGA-A8-A08B-01A,23466090.0,25696,0
TCGA-GM-A2DA-01A,23720549.0,31474,0
TCGA-A8-A09T-01A,23745717.0,25571,0
TCGA-E2-A156-01A,24769286.0,27767,0
TCGA-GM-A2DI-01A,24823576.0,29599,0
TCGA-E2-A1BC-01A,25607159.0,29459,0
TCGA-BH-A0DZ-01A,26006524.0,24722,0
TCGA-E2-A1AZ-01A,26354208.0,31418,0
TCGA-A8-A07B-01A,26586182.0,26243,0
TCGA-B6-A2IU-01A,26775360.0,29826,0
TCGA-E9-A2JT-01A,28011916.0,31689,0
TCGA-C8-A12X-01A,28041579.0,29164,0
TCGA-C8-A1HG-01A,28901364.0,28030,0
TCGA-E9-A1N5-11A,29273747.0,31133,0
TCGA-GM-A2D9-01A,30486118.0,31018,0
TCGA-AC-A23G-01A,30737104.0,28991,0
TCGA-AO-A0JB-01A,31076137.0,29078,0
TCGA-GM-A4E0-01A,31193450.0,30163,0
TCGA-AQ-A54N-01A,31439030.0,27350,0
TCGA-B6-A0X0-01A,31800925.0,27254,0
TCGA-B6-A0WT-01A,31811670.0,30667,0
TCGA-A2-A4RW-01A,32124463.0,32028,0
TCGA-A8-A094-01A,32719627.0,29580,0
TCGA-AN-A0FJ-01A,33028039.0,29810,0
TCGA-BH-A1EU-11A,33722756.0,34491,0
TCGA-GM-A2DB-01A,33917092.0,31272,0
TCGA-A7-A4SF-01A,34024244.0,29762,0
TCGA-A2-A4S1-01A,34033941.0,29154,0
TCGA-A2-A4RX-01A,34110553.0,32834,0
TCGA-BH-A1FC-11A,34166817.0,32353,0
TCGA-A7-A4SE-01A,34174471.0,31853,0
TCGA-A7-A5ZV-01A,34329777.0,30046,0
TCGA-E2-A1IJ-01A,34444102.0,31486,0
TCGA-E2-A1LH-01A,34630446.0,31344,0
TCGA-AR-A0U3-01A,34735883.0,30232,0
TCGA-B6-A0X1-01A,35006280.0,30887,0
TCGA-B6-A0IK-01A,35151175.0,28174,0
TCGA-E9-A245-01A,35160548.0,50453,0
TCGA-A7-A4SC-01A,35376010.0,32480,0
TCGA-E2-A1LK-01A,35423085.0,29439,0
TCGA-A2-A0CP-01A,35471096.0,30396,0
TCGA-D8-A4Z1-01A,35622456.0,32641,0
TCGA-E2-A1II-01A,36082244.0,30054,0
TCGA-LL-A50Y-01A,36267491.0,26914,0
TCGA-A2-A4S3-01A,36272647.0,31377,0
TCGA-AN-A03X-01A,36378914.0,24322,0
TCGA-BH-A1EO-01A,36484483.0,28329,0
TCGA-BH-A0BM-01A,36533295.0,29740,0
TCGA-B6-A0WW-01A,36671707.0,28814,0
TCGA-A7-A4SB-01A,36765537.0,30747,0
TCGA-BH-A1FU-11A,37205144.0,33242,0
TCGA-A2-A4S0-01A,37267785.0,29746,0
TCGA-AR-A2LH-01A,37289899.0,30988,0
TCGA-AR-A2LO-01A,37324799.0,32807,0
TCGA-AR-A2LN-01A,37390092.0,34651,0
TCGA-BH-A0E0-01A,37420786.0,28468,0
TCGA-C8-A8HP-01A,37459211.0,31573,0
TCGA-E2-A1IK-01A,37522531.0,28425,0
TCGA-AO-A0JM-01A,37536343.0,27695,0
TCGA-GM-A2DC-01A,37671238.0,30584,0
TCGA-EW-A1PG-01A,37821942.0,30857,0
TCGA-E9-A54X-01A,37838273.0,27931,0
TCGA-A7-A4SA-01A,37851341.0,32094,0
TCGA-BH-A8FY-01A,37950183.0,31492,0
TCGA-A2-A4S2-01A,38009971.0,31696,0
TCGA-E2-A1LL-01A,38038573.0,29214,0
TCGA-AO-A03R-01A,38066539.0,29870,0
TCGA-B6-A0X4-01A,38131171.0,30216,0
TCGA-BH-A18G-01A,38201082.0,25186,0
TCGA-E2-A1BC-11A,38233411.0,29340,0
TCGA-E2-A158-11A,38482237.0,31157,0
TCGA-AO-A1KR-01A,38573913.0,29294,0
TCGA-A2-A4RY-01A,38594290.0,33932,0
TCGA-EW-A1P6-01A,38613094.0,30392,0
TCGA-A8-A0A1-01A,38698589.0,29338,0
TCGA-LL-A7SZ-01A,38707030.0,30042,0
TCGA-AR-A24X-01A,38963276.0,29597,0
TCGA-LL-A5YO-01A,39036675.0,34275,0
TCGA-EW-A1P3-01A,39173574.0,33335,0
TCGA-A8-A0A6-01A,39314402.0,30665,0
TCGA-A8-A06X-01A,39360103.0,28444,0
TCGA-LQ-A4E4-01A,39446127.0,31354,0
TCGA-MS-A51U-01A,39492291.0,32762,0
TCGA-D8-A1JN-01A,39697724.0,31617,0
TCGA-E2-A15E-01A,39701614.0,31467,0
TCGA-E9-A1N5-01A,39747929.0,32011,0
TCGA-A7-A56D-01A,39760198.0,26715,0
TCGA-LL-A6FR-01A,39765404.0,29362,0
TCGA-E2-A154-01A,40025762.0,29448,0
TCGA-C8-A12M-01A,40081402.0,28641,0
TCGA-OL-A5S0-01A,40122412.0,29389,0
TCGA-E2-A1LH-11A,40131216.0,32566,0
TCGA-BH-A0W3-01A,40133027.0,30043,0
TCGA-B6-A0IH-01A,40135006.0,32566,0
TCGA-BH-A1FR-01A,40235184.0,30797,0
TCGA-AC-A8OP-01A,40312994.0,32462,0
TCGA-BH-A0AW-01A,40410356.0,29297,0
TCGA-A8-A07Z-01A,40426424.0,29092,0
TCGA-C8-A1HK-01A,40656855.0,30610,0
TCGA-E9-A5FL-01A,40676279.0,31196,0
TCGA-C8-A137-01A,40724218.0,26528,0
TCGA-BH-A1FB-11A,40981103.0,34059,0
TCGA-BH-A0BP-01A,41003430.0,30631,0
TCGA-BH-A0EA-01A,41095885.0,31366,0
TCGA-A2-A04U-01A,41130369.0,29009,0
TCGA-B6-A0X5-01A,41195957.0,29477,0
TCGA-OL-A5RY-01A,41260859.0,29755,0
TCGA-E2-A1L7-01A,41285188.0,32475,0
TCGA-E9-A1NI-01A,41291428.0,31115,0
TCGA-C8-A1HL-01A,41296534.0,29578,0
TCGA-PE-A5DD-01A,41439889.0,33018,0
TCGA-B6-A0RG-01A,41440699.0,29710,0
TCGA-E2-A1IL-01A,41477086.0,32284,0
TCGA-E2-A153-01A,41529000.0,29189,0
TCGA-EW-A1OW-01A,41539916.0,31588,0
TCGA-EW-A1OV-01A,41606539.0,31507,0
TCGA-AR-A1AT-01A,41615806.0,28102,0
TCGA-B6-A0WV-01A,41656046.0,30436,0
TCGA-BH-A0HN-01A,41660369.0,30026,0
TCGA-C8-A1HM-01A,41665033.0,31249,0
TCGA-EW-A1P1-01A,41673122.0,31864,0
TCGA-BH-A18H-01A,41748828.0,31328,0
TCGA-AC-A7VC-01A,41754927.0,30356,0
TCGA-EW-A1OY-01A,41786959.0,30884,0
TCGA-W8-A86G-01A,41912704.0,34216,0
TCGA-E2-A14Y-01A,41949340.0,28462,0
TCGA-OL-A5D7-01A,41956539.0,31927,0
TCGA-A7-A4SD-01A,41974400.0,32545,0
TCGA-AC-A3YJ-01A,41994433.0,29574,0
TCGA-E2-A570-01A,42092743.0,31760,0
TCGA-LL-A5YN-01A,42145755.0,31094,0
TCGA-OL-A5RZ-01A,42149405.0,30568,0
TCGA-BH-A18S-11A,42249057.0,30954,0
TCGA-A2-A0T4-01A,42272243.0,31042,0
TCGA-BH-A18U-11A,42387783.0,33155,0
TCGA-E9-A1NF-01A,42424379.0,31581,0
TCGA-E9-A1N8-01A,42436382.0,32309,0
TCGA-E2-A1IG-11A,42465919.0,31951,0
TCGA-BH-A1F6-01A,42724015.0,30980,0
TCGA-BH-A1FN-01A,42730192.0,32964,0
TCGA-BH-A1EY-01A,42808931.0,32474,0
TCGA-AR-A2LR-01A,42859578.0,33691,0
TCGA-BH-A8G0-01A,42898181.0,33693,0
TCGA-LL-A7T0-01A,42936789.0,31834,0
TCGA-D8-A1JP-01A,43015476.0,33970,0
TCGA-E9-A1R2-01A,43025309.0,32556,0
TCGA-A8-A07J-01A,43097836.0,29654,0
TCGA-OL-A66P-01A,43188304.0,29865,0
TCGA-AC-A5XS-01A,43205516.0,30830,0
TCGA-D8-A1JB-01A,43345613.0,33647,0
TCGA-AR-A1AS-01A,43418680.0,28409,0
TCGA-A2-A0CM-01A,43421498.0,33334,0
TCGA-AR-A1AQ-01A,43505587.0,30392,0
TCGA-E9-A295-01A,43572582.0,31499,0
TCGA-E9-A1ND-01A,43633285.0,31306,0
TCGA-PE-A5DE-01A,43655905.0,31361,0
TCGA-EW-A1P0-01A,43766339.0,31058,0
TCGA-E9-A1RA-01A,43839021.0,32369,0
TCGA-OL-A5RW-01A,43858931.0,31774,0
TCGA-AC-A3YI-01A,43918914.0,32467,0
TCGA-BH-A0BA-11A,43964023.0,31632,0
TCGA-BH-A18K-11A,43982581.0,33789,0
TCGA-BH-A0E1-11A,44066487.0,30979,0
TCGA-BH-A0C0-01A,44108980.0,30653,0
TCGA-BH-A18J-11A,44265485.0,30323,0
TCGA-EW-A1PA-01A,44354802.0,33891,0
TCGA-A8-A09N-01A,44404803.0,29587,0
TCGA-AO-A03O-01A,44471404.0,29251,0
TCGA-PL-A8LZ-01A,44503430.0,31496,0
TCGA-OL-A66J-01A,44569453.0,31744,0
TCGA-BH-A0BQ-01A,44635758.0,29533,0
TCGA-AR-A1AP-01A,44650040.0,31220,0
TCGA-B6-A0I6-01A,44694529.0,32968,0
TCGA-D8-A1XB-01A,44710469.0,31809,0
TCGA-E2-A15G-01A,44776054.0,32060,0
TCGA-OL-A5RX-01A,44831066.0,33337,0
TCGA-E9-A5FK-01A,44897975.0,29988,0
TCGA-OL-A5RV-01A,44903527.0,34547,0
TCGA-E9-A1N9-01A,45017430.0,31871,0
TCGA-A2-A0CS-01A,45018931.0,28178,0
TCGA-AC-A2FK-01A,45059686.0,34403,0
TCGA-E2-A574-01A,45071175.0,30376,0
TCGA-LL-A5YP-01A,45126615.0,31001,0
TCGA-E2-A153-11A,45194150.0,34552,0
TCGA-E9-A1N6-11A,45239389.0,33993,0
TCGA-AN-A0AK-01A,45326972.0,27142,0
TCGA-A8-A08X-01A,45354684.0,31015,0
TCGA-AR-A5QM-01A,45386491.0,32839,0
TCGA-LL-A5YM-01A,45427308.0,27311,0
TCGA-A2-A04W-01A,45457326.0,29492,0
TCGA-A8-A08O-01A,45474180.0,31705,0
TCGA-AN-A0XR-01A,45484229.0,30486,0
TCGA-A7-A0CH-01A,45519597.0,31786,0
TCGA-LL-A73Z-01A,45648045.0,32441,0
TCGA-E9-A1N6-01A,45703777.0,31338,0
TCGA-C8-A8HR-01A,45763676.0,33353,0
TCGA-OL-A5RU-01A,45776216.0,33054,0
TCGA-AR-A5QQ-01A,45781177.0,29895,0
TCGA-BH-A0GY-01A,45806729.0,31540,0
TCGA-E2-A572-01A,45812002.0,28499,0
TCGA-E2-A1IU-01A,45815160.0,31943,0
TCGA-BH-A0B8-01A,45884867.0,30029,0
TCGA-BH-A18V-11A,45923096.0,31908,0
TCGA-OL-A66K-01A,45958982.0,32632,0
TCGA-A7-A5ZW-01A,46032421.0,31626,0
TCGA-B6-A1KF-01A,46137375.0,30658,0
TCGA-D8-A1XD-01A,46152458.0,32122,0
TCGA-A8-A0AD-01A,46190963.0,29504,0
TCGA-AO-A0JL-01A,46206542.0,31429,0
TCGA-B6-A0I5-01A,46216792.0,30136,0
TCGA-D8-A1JK-01A,46260077.0,31799,0
TCGA-BH-A0HB-01A,46281649.0,29313,0
TCGA-E2-A10C-01A,46372736.0,31941,0
TCGA-BH-A18M-11A,46381718.0,33995,0
TCGA-BH-A0DS-01A,46391340.0,30797,0
TCGA-BH-A0HQ-01A,46417646.0,31713,0
TCGA-D8-A1XC-01A,46428700.0,29397,0
TCGA-HN-A2OB-01A,46437961.0,33414,0
TCGA-OL-A5DA-01A,46438601.0,32569,0
TCGA-BH-A0DZ-11A,46467129.0,31518,0
TCGA-E2-A15O-01A,46478292.0,32667,0
TCGA-BH-A0HK-01A,46505414.0,30062,0
TCGA-D8-A1XV-01A,46516455.0,29258,0
TCGA-C8-A12U-01A,46538531.0,30395,0
TCGA-E2-A56Z-01A,46540815.0,31061,0
TCGA-XX-A89A-01A,46681518.0,33472,0
TCGA-EW-A1OX-01A,46730612.0,29750,0
TCGA-A8-A09A-01A,46776006.0,31438,0
TCGA-AN-A0XT-01A,46779421.0,29204,0
TCGA-A2-A0CY-01A,46844589.0,32759,0
TCGA-E2-A15F-01A,46848076.0,32441,0
TCGA-E9-A1NH-01A,46885623.0,32170,0
TCGA-BH-A0BQ-11A,46888428.0,30581,0
TCGA-BH-A0B7-11A,46899284.0,36003,0
TCGA-GM-A2DL-01A,46968987.0,30602,0
TCGA-AN-A0XN-01A,47066403.0,30201,0
TCGA-E9-A5UP-01A,47188437.0,30057,0
TCGA-OL-A5D6-01A,47249949.0,32185,0
TCGA-EW-A1IZ-01A,47259120.0,32941,0
TCGA-E9-A5UO-01A,47262391.0,29550,0
TCGA-BH-A5IZ-01A,47283987.0,30066,0
TCGA-E2-A15M-11A,47293431.0,30640,0
TCGA-A7-A0DB-11A,47305516.0,29675,0
TCGA-C8-A138-01A,47318276.0,32704,0
TCGA-A2-A0CT-01A,47345752.0,29196,0
TCGA-A2-A1FZ-01A,47386581.0,32983,0
TCGA-B6-A0RV-01A,47411627.0,32025,0
TCGA-BH-A5J0-01A,47452526.0,30612,0
TCGA-A8-A0A4-01A,47460261.0,40418,0
TCGA-E2-A14Z-01A,47481696.0,32000,0
TCGA-AR-A5QP-01A,47503904.0,31827,0
TCGA-BH-A0HF-01A,47545365.0,29207,0
TCGA-A1-A0SB-01A,47572949.0,32930,0
TCGA-A8-A07I-01A,47578365.0,30869,0
TCGA-OL-A66H-01A,47612413.0,30923,0
TCGA-OL-A66L-01A,47616132.0,32516,0
TCGA-A8-A08F-01A,47647603.0,31877,0
TCGA-A7-A13E-11A,47703689.0,31372,0
TCGA-A8-A08H-01A,47719228.0,30672,0
TCGA-BH-A18Q-01A,47738307.0,33997,0
TCGA-OL-A5D8-01A,47745038.0,33688,0
TCGA-C8-A12Z-01A,47771499.0,29602,0
TCGA-D8-A73U-01A,47983045.0,34563,0
TCGA-AR-A1AK-01A,48048388.0,33795,0
TCGA-BH-A18F-01A,48052815.0,30485,0
TCGA-AO-A12B-01A,48064096.0,28251,0
TCGA-GM-A5PX-01A,48065223.0,28302,0
TCGA-A8-A06Y-01A,48089044.0,29551,0
TCGA-A7-A5ZX-01A,48093301.0,33590,0
TCGA-C8-A131-01A,48123528.0,30884,0
TCGA-E9-A1RG-01A,48125514.0,31502,0
TCGA-BH-A0DP-01A,48139444.0,31892,0
TCGA-E2-A108-01A,48146854.0,31911,0
TCGA-BH-A0AU-01A,48256300.0,32314,0
TCGA-A8-A09K-01A,48294869.0,31862,0
TCGA-D8-A1JI-01A,48304628.0,30982,0
TCGA-A2-A0SU-01A,48305959.0,30003,0
TCGA-D8-A73W-01A,48333819.0,32906,0
TCGA-E9-A1ND-11A,48370474.0,32125,0
TCGA-A8-A08P-01A,48377431.0,28058,0
TCGA-AN-A049-01A,48413014.0,31229,0
TCGA-E2-A576-01A,48421301.0,34329,0
TCGA-OL-A66I-01A,48457531.0,32314,0
TCGA-BH-A1FU-01A,48486916.0,32383,0
TCGA-BH-A0RX-01A,48497419.0,30759,0
TCGA-AC-A62X-01A,48511224.0,30122,0
TCGA-E2-A14N-01A,48518202.0,30278,0
TCGA-BH-A0AY-11A,48563044.0,31405,0
TCGA-A7-A0DC-11A,48598021.0,32453,0
TCGA-LL-A5YL-01A,48789646.0,30282,0
TCGA-AN-A0FD-01A,48815051.0,29913,0
TCGA-A1-A0SF-01A,48818918.0,32633,0
TCGA-BH-A0BC-11A,48850974.0,31059,0
TCGA-BH-A0H5-11A,48959653.0,38580,0
TCGA-A7-A6VW-01A,48965890.0,32418,0
TCGA-GM-A5PV-01A,48977530.0,30605,0
TCGA-E2-A15K-01A,48990611.0,31879,0
TCGA-BH-A0AU-11A,48991566.0,35301,0
TCGA-E2-A14R-01A,49002274.0,30922,0
TCGA-BH-A0AZ-01A,49048163.0,30647,0
TCGA-D8-A1X5-01A,49130203.0,31473,0
TCGA-C8-A133-01A,49138448.0,25949,0
TCGA-BH-A8FZ-01A,49144799.0,34263,0
TCGA-PE-A5DC-01A,49202920.0,33218,0
TCGA-E2-A573-01A,49222140.0,32981,0
TCGA-C8-A12W-01A,49235624.0,30024,0
TCGA-A8-A09W-01A,49273932.0,28807,0
TCGA-BH-A0C3-01A,49360538.0,33053,0
TCGA-LL-A8F5-01A,49371462.0,32771,0
TCGA-D8-A145-01A,49379358.0,33573,0
TCGA-AC-A62Y-01A,49392848.0,31708,0
TCGA-BH-A0HA-01A,49411360.0,30810,0
TCGA-LD-A7W6-01A,49423851.0,34776,0
TCGA-OK-A5Q2-01A,49447291.0,33718,0
TCGA-BH-A0E0-11A,49503688.0,29331,0
TCGA-E2-A1L7-11A,49513738.0,34087,0
TCGA-AO-A0JC-01A,49524254.0,34856,0
TCGA-BH-A0H9-01A,49543060.0,30138,0
TCGA-BH-A0BT-11A,49543886.0,33532,0
TCGA-A2-A0EU-01A,49547490.0,31647,0
TCGA-BH-A18L-11A,49581015.0,33260,0
TCGA-AR-A2LE-01A,49628528.0,32199,0
TCGA-AR-A2LQ-01A,49642303.0,32377,0
TCGA-BH-A0H6-01A,49654869.0,31587,0
TCGA-GM-A2DK-01A,49687393.0,31804,0
TCGA-E2-A15I-11A,49708517.0,31883,0
TCGA-BH-A0BW-11A,49727818.0,37820,0
TCGA-BH-A0GZ-01A,49736297.0,31562,0
TCGA-AR-A0TT-01A,49869255.0,32549,0
TCGA-C8-A135-01A,49970565.0,31190,0
TCGA-AC-A6NO-01A,49978904.0,34821,0
TCGA-E2-A1LB-11A,49989427.0,33188,0
TCGA-A7-A6VX-01A,50037483.0,34421,0
TCGA-C8-A12V-01A,50055578.0,32209,0
TCGA-D8-A1XA-01A,50063541.0,32056,0
TCGA-E9-A1R4-01A,50077273.0,33222,0
TCGA-A7-A13F-11A,50103043.0,33099,0
TCGA-BH-A0BJ-11A,50122647.0,32783,0
TCGA-E2-A1LB-01A,50137227.0,29671,0
TCGA-E2-A1LA-01A,50177009.0,31614,0
TCGA-B6-A0RN-01A,50223148.0,31113,0
TCGA-BH-A0BR-01A,50251423.0,30665,0
TCGA-A2-A0D1-01A,50285814.0,31867,0
TCGA-A8-A090-01A,50295904.0,30023,0
TCGA-A2-A0YJ-01A,50427050.0,29603,0
TCGA-AO-A12D-01A,50454989.0,32166,0
TCGA-A2-A0EX-01A,50589874.0,29878,0
TCGA-AR-A0U0-01A,50598679.0,30210,0
TCGA-A2-A0CO-01A,50632123.0,34200,0
TCGA-E9-A1NF-11A,50665498.0,31747,0
TCGA-XX-A899-01A,50679247.0,34103,0
TCGA-AR-A1AJ-01A,50731416.0,33067,0
TCGA-D8-A27P-01A,50768201.0,32781,0
TCGA-E9-A1NG-11A,50854507.0,32528,0
TCGA-BH-A0BM-11A,50894137.0,29196,0
TCGA-BH-A0HA-11A,50935667.0,34985,0
TCGA-AC-A3W6-01A,50998617.0,32501,0
TCGA-GM-A2DD-01A,51048505.0,33118,0
TCGA-BH-A0DK-01A,51057316.0,31168,0
TCGA-BH-A0W7-01A,51069574.0,32420,0
TCGA-A8-A09E-01A,51109202.0,31161,0
TCGA-D8-A140-01A,51199868.0,32625,0
TCGA-LL-A6FQ-01A,51215210.0,29654,0
TCGA-BH-A0E1-01A,51249927.0,29329,0
TCGA-BH-A18P-01A,51250068.0,29817,0
TCGA-BH-A0DT-01A,51326903.0,32123,0
TCGA-E2-A15C-01A,51335420.0,33136,0
TCGA-E2-A15H-01A,51407800.0,32470,0
TCGA-E9-A1NC-01A,51449402.0,31384,0
TCGA-A8-A082-01A,51458106.0,32064,0
TCGA-BH-A0DG-01A,51528103.0,32759,0
TCGA-C8-A12L-01A,51554911.0,32025,0
TCGA-LD-A74U-01A,51565432.0,34826,0
TCGA-A2-A0CK-01A,51566012.0,32593,0
TCGA-A7-A0CJ-01A,51590391.0,31244,0
TCGA-E2-A150-01A,51597914.0,30113,0
TCGA-BH-A0B2-01A,51678626.0,32157,0
TCGA-AN-A0AS-01A,51685201.0,30833,0
TCGA-BH-A0BV-01A,51716280.0,30744,0
TCGA-EW-A1P5-01A,51739554.0,31117,0
TCGA-AQ-A7U7-01A,51746004.0,35706,0
TCGA-AN-A0FL-01A,51759640.0,28716,0
TCGA-E2-A15K-11A,51913263.0,31710,0
TCGA-AO-A03V-01A,51984622.0,32293,0
TCGA-D8-A13Y-01A,51998549.0,34112,0
TCGA-E2-A1IF-01A,52041336.0,32188,0
TCGA-E9-A3X8-01A,52043943.0,28268,0
TCGA-AC-A2QJ-01A,52048654.0,27972,0
TCGA-BH-A0E6-01A,52071050.0,30944,0
TCGA-D8-A143-01A,52151877.0,30230,0
TCGA-BH-A0DQ-01A,52194930.0,32934,0
TCGA-AC-A2FO-01A,52205499.0,33365,0
TCGA-A2-A0CZ-01A,52285814.0,31819,0
TCGA-BH-A0C3-11A,52292436.0,34468,0
TCGA-C8-A12T-01A,52321933.0,29618,0
TCGA-EW-A1P7-01A,52328936.0,34657,0
TCGA-A2-A0ST-01A,52351045.0,32895,0
TCGA-AO-A0JI-01A,52406785.0,31109,0
TCGA-E2-A14P-01A,52408361.0,31482,0
TCGA-E2-A1LE-01A,52411078.0,32184,0
TCGA-BH-A0AY-01A,52433921.0,27656,0
TCGA-E2-A1IG-01A,52457220.0,31389,0
TCGA-LL-A740-01A,52469111.0,31619,0
TCGA-A8-A084-01A,52480598.0,31254,0
TCGA-BH-A0E2-01A,52578957.0,31354,0
TCGA-A7-A13F-01A,52677713.0,30174,0
TCGA-B6-A0RE-01A,52696892.0,31604,0
TCGA-BH-A0HX-01A,52717009.0,31728,0
TCGA-A2-A0D0-01A,52810562.0,29676,0
TCGA-OL-A66N-01A,52847852.0,31445,0
TCGA-A7-A0D9-11A,52983992.0,30774,0
TCGA-A2-A0CR-01A,53114902.0,32250,0
TCGA-E9-A1R6-01A,53338620.0,30564,0
TCGA-A7-A0D9-01A,53355967.0,35568,0
TCGA-A2-A0CL-01A,53431954.0,34149,0
TCGA-D8-A1XG-01A,53486293.0,32789,0
TCGA-AN-A0FF-01A,53505029.0,34005,0
TCGA-A2-A0T2-01A,53545972.0,31068,0
TCGA-E2-A1B5-01A,53558608.0,32155,0
TCGA-BH-A1EW-01A,53565835.0,32266,0
TCGA-GM-A2DF-01A,53603929.0,33630,0
TCGA-BH-A0DE-01A,53648549.0,32558,0
TCGA-A2-A0SW-01A,53689289.0,36603,0
TCGA-AC-A6IX-01A,53692445.0,34027,0
TCGA-AN-A0AL-01A,53697878.0,30414,0
TCGA-AC-A2BM-01A,53709023.0,33516,0
TCGA-B6-A0I2-01A,53723835.0,32038,0
TCGA-AO-A0JF-01A,53799039.0,31940,0
TCGA-A2-A3KC-01A,54008566.0,33679,0
TCGA-A7-A425-01A,54058224.0,32705,0
TCGA-A2-A04P-01A,54082305.0,33552,0
TCGA-AO-A0JD-01A,54090947.0,31100,0
TCGA-EW-A2FW-01A,54113391.0,31018,0
TCGA-AR-A1AY-01A,54129979.0,32279,0
TCGA-A8-A09X-01A,54147655.0,31192,0
TCGA-C8-A12N-01A,54178789.0,32465,0
TCGA-GM-A2DM-01A,54181673.0,30347,0
TCGA-A1-A0SQ-01A,54194106.0,30760,0
TCGA-BH-A0B6-01A,54197924.0,28964,0
TCGA-BH-A0BT-01A,54217985.0,32569,0
TCGA-BH-A0H5-01A,54233055.0,32622,0
TCGA-EW-A3U0-01A,54279007.0,34885,0
TCGA-AO-A12C-01A,54280304.0,31750,0
TCGA-AR-A1AM-01A,54294314.0,34832,0
TCGA-AN-A0XL-01A,54310331.0,32944,0
TCGA-BH-A0DH-01A,54318255.0,30445,0
TCGA-BH-A0BW-01A,54346860.0,34286,0
TCGA-GM-A3NW-01A,54382790.0,33416,0
TCGA-BH-A0H7-11A,54408241.0,32093,0
TCGA-A2-A04N-01A,54425632.0,32917,0
TCGA-AC-A3W5-01A,54485282.0,33007,0
TCGA-A2-A0ES-01A,54528716.0,33626,0
TCGA-BH-A0B0-01A,54590099.0,30380,0
TCGA-BH-A0DT-11A,54613818.0,36201,0
TCGA-A8-A06U-01A,54708067.0,33339,0
TCGA-A2-A0D2-01A,54762380.0,31838,0
TCGA-BH-A0DI-01A,54850929.0,31709,0
TCGA-AO-A125-01A,54869228.0,32056,0
TCGA-GM-A2DN-01A,54916887.0,32150,0
TCGA-A8-A095-01A,55040878.0,32938,0
TCGA-BH-A0DO-11A,55078323.0,34738,0
TCGA-B6-A0RU-01A,55083751.0,30833,0
TCGA-A7-A0CG-01A,55096274.0,32929,0
TCGA-E2-A152-01A,55096320.0,30726,0
TCGA-E9-A3HO-01A,55108977.0,32968,0
TCGA-C8-A132-01A,55165517.0,33645,0
TCGA-AO-A129-01A,55210244.0,33477,0
TCGA-E2-A15I-01A,55263342.0,35054,0
TCGA-A8-A09D-01A,55353575.0,32365,0
TCGA-EW-A1P8-01A,55390836.0,31936,0
TCGA-AR-A1AX-01A,55398345.0,34515,0
TCGA-OL-A6VO-01A,55416200.0,33102,0
TCGA-BH-A18M-01A,55418051.0,33037,0
TCGA-BH-A0BA-01A,55461495.0,33511,0
TCGA-BH-A0BJ-01A,55483753.0,31052,0
TCGA-BH-A28O-01A,55548704.0,34857,0
TCGA-C8-A12P-01A,55593998.0,30286,0
TCGA-AC-A3TN-01A,55634939.0,31883,0
TCGA-BH-A2L8-01A,55671685.0,32929,0
TCGA-BH-A0B8-11A,55695376.0,32706,0
TCGA-AN-A0XW-01A,55706822.0,32173,0
TCGA-A2-A0EQ-01A,55775792.0,32824,0
TCGA-D8-A73X-01A,55791687.0,33788,0
TCGA-B6-A402-01A,55808469.0,35368,0
TCGA-A8-A07L-01A,55820593.0,31287,0
TCGA-E9-A6HE-01A,55866984.0,32162,0
TCGA-BH-A18P-11A,55884898.0,32889,0
TCGA-C8-A130-01A,55942199.0,33739,0
TCGA-AR-A2LJ-01A,55982528.0,31440,0
TCGA-A2-A0YK-01A,56039320.0,33812,0
TCGA-E2-A10F-01A,56062093.0,32687,0
TCGA-E9-A1NA-11A,56093588.0,32678,0
TCGA-A8-A08A-01A,56215078.0,32114,0
TCGA-A8-A09Z-01A,56215131.0,29705,0
TCGA-A2-A0CX-01A,56299736.0,31010,0
TCGA-B6-A0WZ-01A,56313795.0,30118,0
TCGA-AO-A0JJ-01A,56346430.0,31260,0
TCGA-AO-A0JE-01A,56386319.0,32495,0
TCGA-AR-A2LL-01A,56402199.0,33817,0
TCGA-A1-A0SG-01A,56402921.0,31620,0
TCGA-AC-A3QP-01A,56446113.0,31108,0
TCGA-AC-A3BB-01A,56475703.0,32531,0
TCGA-A2-A0EW-01A,56525124.0,33817,0
TCGA-BH-A0HI-01A,56532989.0,30116,0
TCGA-E2-A1IO-01A,56568803.0,33007,0
TCGA-AC-A2BK-01A,56635321.0,30237,0
TCGA-D8-A3Z5-01A,56636721.0,31914,0
TCGA-E9-A1N9-11A,56658328.0,35235,0
TCGA-AR-A1AU-01A,56689170.0,33111,0
TCGA-AN-A0FK-01A,56712046.0,29613,0
TCGA-AO-A03T-01A,56728864.0,31324,0
TCGA-AR-A24W-01A,56740223.0,34866,0
TCGA-EW-A1IX-01A,56748066.0,32954,0
TCGA-BH-A0EI-01A,56766178.0,31656,0
TCGA-E2-A2P5-01A,56782818.0,31370,0
TCGA-BH-A6R8-01A,56786446.0,32208,0
TCGA-BH-A18N-01A,56840923.0,31803,0
TCGA-D8-A1XF-01A,56847873.0,30902,0
TCGA-AO-A12A-01A,56849933.0,34563,0
TCGA-AR-A0TV-01A,56869463.0,31139,0
TCGA-BH-A1EV-01A,56957111.0,33097,0
TCGA-BH-A0B5-01A,57014106.0,33398,0
TCGA-BH-A0DH-11A,57114476.0,30490,0
TCGA-BH-A0HK-11A,57116595.0,29616,0
TCGA-A2-A1G6-01A,57126023.0,33691,0
TCGA-AR-A0U4-01A,57126575.0,31680,0
TCGA-E2-A15D-01A,57187521.0,34199,0
TCGA-EW-A1P4-01A,57196716.0,30540,0
TCGA-E2-A107-01A,57202127.0,30940,0
TCGA-B6-A0RM-01A,57281825.0,31986,0
TCGA-BH-A0DD-11A,57331767.0,31086,0
TCGA-E2-A106-01A,57347551.0,30541,0
TCGA-B6-A0WX-01A,57379602.0,32349,0
TCGA-AO-A0J7-01A,57414976.0,30165,0
TCGA-A7-A6VV-01A,57498758.0,32902,0
TCGA-A2-A0EY-01A,57558901.0,34735,0
TCGA-GM-A3XG-01A,57609702.0,32061,0
TCGA-A8-A07U-01A,57613267.0,33345,0
TCGA-E2-A14O-01A,57622032.0,29982,0
TCGA-A1-A0SJ-01A,57652735.0,31269,0
TCGA-A2-A0T5-01A,57672257.0,31287,0
TCGA-AC-A2QI-01A,57713373.0,32178,0
TCGA-AR-A1AW-01A,57750605.0,34603,0
TCGA-A8-A09M-01A,57751414.0,30816,0
TCGA-A1-A0SP-01A,57792424.0,32715,0
TCGA-AR-A1AH-01A,57824411.0,32569,0
TCGA-E2-A159-01A,57860813.0,33462,0
TCGA-A2-A0EM-01A,57943076.0,31410,0
TCGA-A7-A3IY-01A,57953467.0,32834,0
TCGA-BH-A0B3-01A,57971543.0,31398,0
TCGA-C8-A26X-01A,57975938.0,31178,0
TCGA-BH-A0BF-01A,58022437.0,32924,0
TCGA-B6-A0WS-01A,58080655.0,32153,0
TCGA-BH-A0BS-11A,58149180.0,33615,0
TCGA-A2-A0YH-01A,58153313.0,30849,0
TCGA-AC-A2FM-01A,58239317.0,32665,0
TCGA-D8-A147-01A,58271170.0,34406,0
TCGA-A8-A075-01A,58378198.0,31962,0
TCGA-LD-A66U-01A,58455210.0,33738,0
TCGA-BH-A0DX-01A,58529150.0,32742,0
TCGA-AO-A126-01A,58552991.0,30341,0
TCGA-AC-A3OD-01A,58602752.0,51420,0
TCGA-A2-A04R-01A,58611514.0,30679,0
TCGA-BH-A0W5-01A,58614558.0,33646,0
TCGA-AO-A0JA-01A,58619203.0,31790,0
TCGA-AC-A6IV-01A,58668735.0,35421,0
TCGA-A7-A3IZ-01A,58717371.0,32839,0
TCGA-AR-A1AL-01A,58790620.0,34776,0
TCGA-BH-A0B7-01A,58827927.0,32762,0
TCGA-A8-A08C-01A,58838126.0,32376,0
TCGA-S3-A6ZF-01A,58844253.0,34052,0
TCGA-OL-A66O-01A,58916844.0,32869,0
TCGA-BH-A18S-01A,58936097.0,31341,0
TCGA-A2-A0EV-01A,58974460.0,32268,0
TCGA-D8-A146-01A,58976061.0,34318,0
TCGA-BH-A0WA-01A,59030783.0,31235,0
TCGA-AN-A0FV-01A,59078179.0,32400,0
TCGA-A8-A07S-01A,59080297.0,31937,0
TCGA-A8-A06R-01A,59117258.0,29549,0
TCGA-AN-A0XU-01A,59160136.0,34174,0
TCGA-A2-A0CU-01A,59160708.0,32846,0
TCGA-BH-A0B1-01A,59164788.0,31451,0
TCGA-AN-A0XV-01A,59406912.0,33432,0
TCGA-E2-A14Q-01A,59480109.0,32782,0
TCGA-A2-A04V-01A,59504695.0,32785,0
TCGA-BH-A18K-01A,59601729.0,33568,0
TCGA-E9-A226-01A,59637526.0,25584,0
TCGA-AR-A0TU-01A,59670420.0,30493,0
TCGA-E2-A15J-01A,59694531.0,31586,0
TCGA-E2-A10A-01A,59704458.0,32343,0
TCGA-LL-A73Y-01A,59733332.0,36003,0
TCGA-A7-A13H-01A,59738567.0,34880,0
TCGA-A8-A09B-01A,59740029.0,33910,0
TCGA-BH-A0DP-11A,59892430.0,32945,0
TCGA-A2-A3XU-01A,60005261.0,28843,0
TCGA-AR-A1AI-01A,60020473.0,32160,0
TCGA-A2-A3XZ-01A,60033203.0,33516,0
TCGA-AO-A03L-01A,60093901.0,31943,0
TCGA-S3-A6ZG-01A,60114449.0,34817,0
TCGA-BH-A18J-01A,60119413.0,31196,0
TCGA-E9-A3Q9-01A,60124135.0,33191,0
TCGA-AR-A0TS-01A,60132674.0,35210,0
TCGA-B6-A0WY-01A,60178407.0,31479,0
TCGA-B6-A408-01A,60234887.0,36465,0
TCGA-BH-A0HY-01A,60297585.0,31003,0
TCGA-C8-A3M7-01A,60300611.0,34131,0
TCGA-EW-A1PF-01A,60389645.0,33972,0
TCGA-BH-A0BZ-11A,60397539.0,33409,0
TCGA-AN-A0XP-01A,60398071.0,30859,0
TCGA-BH-A18U-01A,60400132.0,32743,0
TCGA-D8-A1X8-01A,60420578.0,32338,0
TCGA-BH-A6R9-01A,60421867.0,31775,0
TCGA-LL-A6FP-01A,60429672.0,30496,0
TCGA-A2-A0D3-01A,60502468.0,31579,0
TCGA-A1-A0SD-01A,60545003.0,32797,0
TCGA-HN-A2NL-01A,60590896.0,33026,0
TCGA-BH-A0HU-01A,60605947.0,32121,0
TCGA-BH-A0HL-01A,60643722.0,31774,0
TCGA-A2-A0YL-01A,60650394.0,32735,0
TCGA-BH-A203-11A,60678945.0,36932,0
TCGA-AR-A0TP-01A,60686253.0,33258,0
TCGA-A2-A04Q-01A,60723944.0,33402,0
TCGA-A8-A08Z-01A,60750785.0,32314,0
TCGA-EW-A1PH-01A,60751334.0,34671,0
TCGA-B6-A0RL-01A,60782894.0,34605,0
TCGA-A8-A0A7-01A,60788469.0,32986,0
TCGA-AN-A0FT-01A,60809497.0,30373,0
TCGA-A2-A0YG-01A,60818812.0,31868,0
TCGA-AR-A0U2-01A,60882861.0,33503,0
TCGA-E2-A14U-01A,60901116.0,34284,0
TCGA-E9-A1R7-11A,60941735.0,33905,0
TCGA-BH-A18V-01A,61023767.0,33411,0
TCGA-A1-A0SE-01A,61032351.0,32476,0
TCGA-A2-A25B-01A,61063521.0,32738,0
TCGA-A7-A0CH-11A,61068392.0,32140,0
TCGA-AO-A12G-01A,61070188.0,29898,0
TCGA-A8-A09C-01A,61221447.0,34783,0
TCGA-GM-A3XN-01A,61257923.0,35744,0
TCGA-E9-A1R7-01A,61277563.0,31860,0
TCGA-D8-A1JS-01A,61397390.0,28848,0
TCGA-AR-A0TW-01A,61425988.0,28684,0
TCGA-B6-A0X7-01A,61426194.0,33312,0
TCGA-A7-A0CE-01A,61510275.0,32859,0
TCGA-BH-A18N-11A,61520575.0,35147,0
TCGA-AN-A0XS-01A,61523724.0,31962,0
TCGA-B6-A401-01A,61535976.0,34810,0
TCGA-B6-A0RT-01A,61604331.0,35694,0
TCGA-AR-A24O-01A,61653555.0,35207,0
TCGA-AR-A0TX-01A,61683842.0,32335,0
TCGA-E9-A2JS-01A,61692891.0,34188,0
TCGA-D8-A3Z6-01A,61705884.0,33147,0
TCGA-BH-A0BS-01A,61717201.0,29357,0
TCGA-BH-A0DV-11A,61727597.0,35965,0
TCGA-B6-A0IN-01A,61739086.0,31424,0
TCGA-A8-A08T-01A,61759706.0,34385,0
TCGA-BH-A0DG-11A,61896381.0,36320,0
TCGA-BH-A1F5-01A,61928103.0,33311,0
TCGA-S3-A6ZH-01A,61928599.0,32130,0
TCGA-AR-A5QN-01A,61935086.0,33000,0
TCGA-A2-A3XV-01A,62023062.0,27662,0
TCGA-GM-A3XL-01A,62046096.0,33826,0
TCGA-E2-A105-01A,62086075.0,33165,0
TCGA-C8-A8HQ-01A,62097622.0,35820,0
TCGA-GI-A2C9-01A,62102747.0,34351,0
TCGA-BH-A0W4-01A,62105534.0,32954,0
TCGA-E2-A15T-01A,62115420.0,31804,0
TCGA-A2-A0YD-01A,62120846.0,32537,0
TCGA-A2-A0T3-01A,62142222.0,32992,0
TCGA-A2-A3XS-01A,62143200.0,34196,0
TCGA-A7-A6VY-01A,62223450.0,33560,0
TCGA-A2-A0YE-01A,62232052.0,32161,0
TCGA-A8-A07P-01A,62293062.0,32433,0
TCGA-AN-A03Y-01A,62334243.0,31846,0
TCGA-BH-A0BO-01A,62343769.0,32965,0
TCGA-B6-A0IB-01A,62418376.0,31918,0
TCGA-AR-A1AN-01A,62490094.0,31019,0
TCGA-A7-A0DC-01A,62493632.0,43151,0
TCGA-A1-A0SK-01A,62522284.0,33125,0
TCGA-A2-A3XX-01A,62551616.0,33110,0
TCGA-D8-A1XY-01A,62591448.0,33832,0
TCGA-A8-A07W-01A,62597629.0,31880,0
TCGA-C8-A12O-01A,62609579.0,32455,0
TCGA-D8-A27K-01A,62618687.0,35038,0
TCGA-OL-A6VR-01A,62643168.0,33855,0
TCGA-AN-A0AR-01A,62714164.0,35292,0
TCGA-B6-A0IA-01A,62737316.0,28218,0
TCGA-A2-A25D-01A,62775655.0,32596,0
TCGA-BH-A0B5-11A,62801338.0,30048,0
TCGA-A2-A0SY-01A,62804204.0,32176,0
TCGA-BH-A203-01A,62877552.0,34662,0
TCGA-LD-A7W5-01A,62879551.0,35199,0
TCGA-EW-A1PB-01A,63037528.0,32179,0
TCGA-LL-A441-01A,63042246.0,37288,0
TCGA-A2-A25E-01A,63066876.0,33894,0
TCGA-E2-A158-01A,63081843.0,33443,0
TCGA-BH-A18Q-11A,63096678.0,36756,0
TCGA-E2-A14V-01A,63102577.0,32775,0
TCGA-E9-A1RF-11A,63166569.0,32632,0
TCGA-BH-A1FG-01A,63187072.0,30380,0
TCGA-A7-A0DA-01A,63240518.0,33604,0
TCGA-AO-A12F-01A,63287834.0,33326,0
TCGA-EW-A424-01A,63429873.0,33776,0
TCGA-BH-A208-01A,63499146.0,31279,0
TCGA-BH-A0H3-01A,63531176.0,33935,0
TCGA-A2-A0EO-01A,63553670.0,32123,0
TCGA-E2-A15A-01A,63585788.0,32640,0
TCGA-AR-A24T-01A,63608196.0,34000,0
TCGA-A2-A3XW-01A,63764846.0,30378,0
TCGA-E2-A1L6-01A,63778359.0,35128,0
TCGA-A2-A1G0-01A,63892281.0,34084,0
TCGA-E2-A109-01A,63895466.0,33150,0
TCGA-AQ-A0Y5-01A,63988272.0,32629,0
TCGA-A2-A04T-01A,64000742.0,33427,0
TCGA-A2-A0CQ-01A,64038679.0,34813,0
TCGA-A2-A0T0-01A,64043789.0,32010,0
TCGA-B6-A0RQ-01A,64076749.0,30350,0
TCGA-A8-A093-01A,64077929.0,31942,0
TCGA-A2-A3Y0-01A,64137590.0,33071,0
TCGA-AC-A7VB-01A,64142247.0,33256,0
TCGA-D8-A141-01A,64147517.0,33626,0
TCGA-E9-A1RH-11A,64151393.0,33053,0
TCGA-D8-A1XL-01A,64169165.0,31456,0
TCGA-E2-A15L-01A,64245193.0,32032,0
TCGA-EW-A423-01A,64275629.0,32711,0
TCGA-EW-A2FS-01A,64292807.0,37126,0
TCGA-A8-A08L-01A,64403833.0,35199,0
TCGA-AR-A255-01A,64425409.0,35097,0
TCGA-A2-A04X-01A,64428687.0,33634,0
TCGA-B6-A0RI-01A,64438408.0,32190,0
TCGA-AN-A046-01A,64448304.0,33269,0
TCGA-BH-A42T-01A,64481303.0,31949,0
TCGA-D8-A27T-01A,64589084.0,33280,0
TCGA-BH-A0AZ-11A,64717137.0,36956,0
TCGA-A2-A0T1-01A,64760960.0,32603,0
TCGA-BH-A0EB-01A,64796710.0,32443,0
TCGA-A1-A0SN-01A,64898052.0,31916,0
TCGA-AO-A0JG-01A,64917700.0,34730,0
TCGA-BH-A0HP-01A,65019538.0,33077,0
TCGA-A2-A0SX-01A,65036717.0,34772,0
TCGA-AO-A1KP-01A,65077570.0,35630,0
TCGA-BH-A42U-01A,65138173.0,32643,0
TCGA-A7-A3RF-01A,65187405.0,31609,0
TCGA-BH-A0BD-01A,65212152.0,33807,0
TCGA-A8-A06P-01A,65308860.0,32953,0
TCGA-GI-A2C9-11A,65335900.0,36008,0
TCGA-B6-A0RO-01A,65362851.0,29664,0
TCGA-E2-A2P6-01A,65434759.0,34747,0
TCGA-A8-A079-01A,65459260.0,32371,0
TCGA-AR-A24U-01A,65518366.0,33772,0
TCGA-BH-A0C0-11A,65587290.0,35017,0
TCGA-GM-A3NY-01A,65591531.0,34657,0
TCGA-AN-A0FX-01A,65671231.0,34509,0
TCGA-AC-A2FB-01A,65671775.0,35078,0
TCGA-AR-A2LK-01A,65812294.0,34316,0
TCGA-A2-A259-01A,65817243.0,34143,0
TCGA-C8-A12K-01A,65918159.0,32597,0
TCGA-B6-A0IO-01A,66018028.0,34137,0
TCGA-A8-A08J-01A,66021670.0,34835,0
TCGA-A7-A0CE-11A,66049040.0,33864,0
TCGA-AO-A1KS-01A,66059245.0,34514,0
TCGA-JL-A3YX-01A,66084207.0,33226,0
TCGA-EW-A1PE-01A,66125200.0,34757,0
TCGA-A2-A0YM-01A,66146931.0,32061,0
TCGA-E2-A10E-01A,66209083.0,33269,0
TCGA-B6-A40B-01A,66226771.0,32476,0
TCGA-A2-A0EP-01A,66228201.0,34047,0
TCGA-C8-A1HO-01A,66232342.0,32580,0
TCGA-E9-A1RI-01A,66317460.0,35534,0
TCGA-D8-A1JU-01A,66339210.0,33463,0
TCGA-EW-A1J6-01A,66406606.0,34680,0
TCGA-E9-A248-01A,66430665.0,34691,0
TCGA-BH-A1FM-01A,66508372.0,31161,0
TCGA-D8-A1Y3-01A,66624532.0,30013,0
TCGA-D8-A27G-01A,66640738.0,33301,0
TCGA-E9-A1QZ-01A,66646126.0,34973,0
TCGA-E2-A3DX-01A,66667110.0,34172,0
TCGA-E9-A3QA-01A,66691781.0,33954,0
TCGA-EW-A1OZ-01A,66736282.0,32024,0
TCGA-JL-A3YW-01A,66751614.0,33305,0
TCGA-AR-A256-01A,66757436.0,33192,0
TCGA-LL-A440-01A,66792404.0,35675,0
TCGA-AN-A04C-01A,66832259.0,32213,0
TCGA-A8-A099-01A,66845885.0,29600,0
TCGA-E9-A1R5-01A,66851741.0,32705,0
TCGA-E9-A244-01A,66872593.0,33309,0
TCGA-B6-A0I9-01A,66879627.0,33838,0
TCGA-E2-A14S-01A,66917562.0,33706,0
TCGA-A2-A3XT-01A,66960414.0,33860,0
TCGA-A2-A0CW-01A,66976080.0,31941,0
TCGA-BH-A18T-01A,67062953.0,32004,0
TCGA-AR-A1AO-01A,67076935.0,34175,0
TCGA-A8-A08S-01A,67092666.0,33820,0
TCGA-D8-A1Y2-01A,67107939.0,32511,0
TCGA-D8-A27H-01A,67126816.0,35048,0
TCGA-E9-A24A-01A,67176659.0,33880,0
TCGA-BH-A208-11A,67280027.0,36100,0
TCGA-AC-A2FF-01A,67286668.0,34951,0
TCGA-A2-A3KD-01A,67294263.0,33249,0
TCGA-BH-A0DL-11A,67304826.0,36263,0
TCGA-BH-A18R-11A,67330858.0,36100,0
TCGA-BH-A201-01A,67347420.0,34501,0
TCGA-A8-A06O-01A,67377853.0,35750,0
TCGA-BH-A18L-01A,67394678.0,30692,0
TCGA-E2-A1L8-01A,67395168.0,34424,0
TCGA-AC-A6IW-01A,67418679.0,33389,0
TCGA-B6-A0I8-01A,67476531.0,32970,0
TCGA-BH-A1FL-01A,67513307.0,33880,0
TCGA-BH-A0BC-01A,67583333.0,32537,0
TCGA-AN-A0AM-01A,67609492.0,32981,0
TCGA-AR-A0TY-01A,67653713.0,32086,0
TCGA-BH-A1EN-01A,67657536.0,29060,0
TCGA-BH-A0BZ-01A,67667626.0,31798,0
TCGA-BH-A0AV-01A,67698942.0,31763,0
TCGA-BH-A0BV-11A,67751502.0,35409,0
TCGA-B6-A0I1-01A,67791015.0,34598,0
TCGA-A8-A07G-01A,67855308.0,33957,0
TCGA-E2-A1IH-01A,67935623.0,33371,0
TCGA-BH-A42V-01A,67961346.0,35125,0
TCGA-BH-A0E7-01A,67977972.0,32501,0
TCGA-E9-A1RF-01A,68069517.0,33806,0
TCGA-D8-A27N-01A,68083671.0,33334,0
TCGA-A8-A07F-01A,68225823.0,34905,0
TCGA-AC-A23H-11A,68239603.0,35735,0
TCGA-AN-A04A-01A,68281533.0,30936,0
TCGA-A1-A0SO-01A,68315834.0,31340,0
TCGA-BH-A0BL-01A,68318528.0,35408,0
TCGA-A2-A0T6-01A,68353372.0,33604,0
TCGA-AR-A2LM-01A,68392383.0,35812,0
TCGA-E9-A1NA-01A,68452357.0,32040,0
TCGA-BH-A0EE-01A,68478274.0,32948,0
TCGA-A7-A13G-01A,68478660.0,41266,0
TCGA-A1-A0SH-01A,68534939.0,31075,0
TCGA-A2-A0T7-01A,68593062.0,34081,0
TCGA-E2-A1LS-01A,68637241.0,32759,0
TCGA-B6-A0IE-01A,68719990.0,32362,0
TCGA-BH-A0BG-01A,68777711.0,33484,0
TCGA-E9-A227-01A,68905990.0,33538,0
TCGA-AR-A0TR-01A,68967969.0,32649,0
TCGA-D8-A1JJ-01A,68972193.0,33044,0
TCGA-E9-A247-01A,69021600.0,34869,0
TCGA-BH-A1FJ-01A,69043739.0,33297,0
TCGA-C8-A26Z-01A,69068989.0,33606,0
TCGA-AO-A12H-01A,69095363.0,32034,0
TCGA-GI-A2C8-01A,69097467.0,34268,0
TCGA-BH-A209-11A,69160257.0,36230,0
TCGA-A8-A08R-01A,69189240.0,34761,0
TCGA-AN-A0FN-01A,69219031.0,33530,0
TCGA-A8-A092-01A,69226799.0,33103,0
TCGA-B6-A0RS-01A,69246070.0,31907,0
TCGA-A7-A426-01A,69285817.0,35426,0
TCGA-BH-A0HW-01A,69344705.0,32534,0
TCGA-E9-A22G-01A,69359550.0,33724,0
TCGA-A8-A083-01A,69452021.0,30167,0
TCGA-B6-A0RH-01A,69469238.0,31600,0
TCGA-E9-A1N4-11A,69504774.0,38101,0
TCGA-AN-A041-01A,69513547.0,33073,0
TCGA-E9-A1RI-11A,69529890.0,34222,0
TCGA-AO-A1KT-01A,69560152.0,33031,0
TCGA-A2-A0EN-01A,69565162.0,34044,0
TCGA-C8-A12Q-01A,69569467.0,33415,0
TCGA-B6-A0RP-01A,69572819.0,32672,0
TCGA-EW-A1J3-01A,69634228.0,36139,0
TCGA-A2-A0ET-01A,69715661.0,31691,0
TCGA-E9-A22E-01A,69791641.0,31860,0
TCGA-E2-A10B-01A,69901319.0,32778,0
TCGA-C8-A26Y-01A,69949974.0,36393,0
TCGA-C8-A1HJ-01A,70022620.0,35530,0
TCGA-D8-A1XQ-01A,70022626.0,32176,0
TCGA-BH-A1FH-01A,70026731.0,34874,0
TCGA-AO-A03P-01A,70119472.0,32569,0
TCGA-D8-A1JM-01A,70124444.0,32108,0
TCGA-BH-A18R-01A,70171584.0,34014,0
TCGA-A7-A0CD-01A,70173533.0,33289,0
TCGA-AQ-A04J-01A,70248065.0,36734,0
TCGA-BH-A204-11A,70258152.0,34105,0
TCGA-BH-A1FB-01A,70263598.0,36477,0
TCGA-A8-A0A9-01A,70313877.0,34282,0
TCGA-D8-A27M-01A,70357127.0,35690,0
TCGA-A2-A0YC-01A,70374990.0,33176,0
TCGA-B6-A0IG-01A,70505339.0,32839,0
TCGA-AN-A0AJ-01A,70537889.0,32997,0
TCGA-A7-A13G-11A,70579371.0,32867,0
TCGA-AN-A0G0-01A,70581352.0,31871,0
TCGA-C8-A273-01A,70613918.0,32081,0
TCGA-D8-A1JT-01A,70641715.0,30265,0
TCGA-C8-A278-01A,70723227.0,33036,0
TCGA-D8-A1XW-01A,70736848.0,33822,0
TCGA-GM-A2DH-01A,70745107.0,37022,0
TCGA-A8-A076-01A,70768245.0,35431,0
TCGA-AO-A0J9-01A,70776914.0,33114,0
TCGA-A8-A07R-01A,70781618.0,32109,0
TCGA-A8-A086-01A,70793459.0,34924,0
TCGA-D8-A1X7-01A,70839643.0,32023,0
TCGA-BH-A1FD-01A,70847888.0,33202,0
TCGA-BH-A0DK-11A,70855544.0,34455,0
TCGA-AN-A0FW-01A,70895848.0,33098,0
TCGA-E9-A1R0-01A,70913309.0,33629,0
TCGA-A8-A09Q-01A,70926378.0,34398,0
TCGA-A2-A1FX-01A,70947566.0,33329,0
TCGA-AC-A23H-01A,70959525.0,32740,0
TCGA-BH-A1FC-01A,71013361.0,31921,0
TCGA-AR-A24R-01A,71040010.0,33704,0
TCGA-A2-A1FW-01A,71052453.0,34589,0
TCGA-A2-A0YI-01A,71061278.0,34381,0
TCGA-AQ-A1H3-01A,71098493.0,33929,0
TCGA-AN-A04D-01A,71102538.0,32670,0
TCGA-A8-A09R-01A,71104839.0,33457,0
TCGA-E9-A1RE-01A,71141256.0,32643,0
TCGA-B6-A0IP-01A,71162221.0,34207,0
TCGA-BH-A0DL-01A,71226266.0,33761,0
TCGA-BH-A0H7-01A,71277238.0,31138,0
TCGA-D8-A1XK-01A,71287257.0,33229,0
TCGA-E9-A1RH-01A,71412833.0,32154,0
TCGA-A8-A09G-01A,71477559.0,32901,0
TCGA-AR-A252-01A,71501008.0,35296,0
TCGA-A2-A0CV-01A,71545464.0,32236,0
TCGA-AR-A24P-01A,71795565.0,34612,0
TCGA-D8-A1XZ-01A,71838630.0,33472,0
TCGA-A8-A07E-01A,71845649.0,33240,0
TCGA-BH-A0DQ-11A,71850112.0,35890,0
TCGA-AO-A1KO-01A,71929832.0,34825,0
TCGA-AR-A24S-01A,72052162.0,34386,0
TCGA-A2-A0YT-01A,72080914.0,30404,0
TCGA-D8-A27I-01A,72167400.0,35493,0
TCGA-AO-A124-01A,72224374.0,33616,0
TCGA-AR-A24K-01A,72292593.0,34018,0
TCGA-E2-A1LG-01A,72302713.0,33775,0
TCGA-B6-A1KN-01A,72326580.0,34503,0
TCGA-E2-A15S-01A,72397346.0,34486,0
TCGA-BH-A209-01A,72412249.0,34757,0
TCGA-D8-A1XO-01A,72445421.0,32901,0
TCGA-EW-A1IW-01A,72545720.0,34928,0
TCGA-C8-A275-01A,72547979.0,32651,0
TCGA-D8-A1J8-01A,72588771.0,33086,0
TCGA-AR-A24V-01A,72593194.0,33685,0
TCGA-D8-A1XJ-01A,72658130.0,30792,0
TCGA-E9-A228-01A,72709086.0,34337,0
TCGA-A8-A08G-01A,72742074.0,43335,0
TCGA-C8-A26W-01A,72749258.0,34992,0
TCGA-C8-A12Y-01A,72771527.0,28167,0
TCGA-A2-A0YF-01A,72856963.0,31561,0
TCGA-E2-A1LI-01A,72862289.0,35064,0
TCGA-D8-A13Z-01A,72880604.0,33021,0
TCGA-AR-A24N-01A,72908686.0,33855,0
TCGA-AC-A23C-01A,72937294.0,36396,0
TCGA-AO-A128-01A,72941840.0,34382,0
TCGA-A7-A3J1-01A,73003295.0,35783,0
TCGA-C8-A1HF-01A,73044410.0,31771,0
TCGA-AN-A0AT-01A,73048810.0,33882,0
TCGA-A8-A06T-01A,73108139.0,34620,0
TCGA-A8-A07O-01A,73108479.0,32027,0
TCGA-A8-A09V-01A,73138960.0,37366,0
TCGA-BH-A1F2-01A,73148829.0,32687,0
TCGA-E9-A1NG-01A,73281826.0,32715,0
TCGA-A1-A0SI-01A,73332059.0,33240,0
TCGA-B6-A40C-01A,73395391.0,33609,0
TCGA-EW-A2FV-01A,73448474.0,33828,0
TCGA-BH-A0H0-01A,73573671.0,32723,0
TCGA-A2-A1FV-01A,73581768.0,35713,0
TCGA-AO-A0J2-01A,73763063.0,31820,0
TCGA-AO-A12E-01A,73808391.0,33708,0
TCGA-A7-A2KD-01A,73821462.0,35627,0
TCGA-D8-A1X6-01A,73860700.0,31451,0
TCGA-AC-A2QH-01A,73893785.0,43371,0
TCGA-AC-A2FB-11A,73931781.0,34635,0
TCGA-C8-A1HN-01A,73958472.0,32620,0
TCGA-AR-A24Q-01A,74182117.0,33297,0
TCGA-A8-A0A2-01A,74212894.0,37338,0
TCGA-B6-A0IQ-01A,74235517.0,35650,0
TCGA-C8-A274-01A,74238713.0,33349,0
TCGA-B6-A1KI-01A,74272451.0,33747,0
TCGA-E2-A1B4-01A,74322790.0,30888,0
TCGA-D8-A27R-01A,74378583.0,33788,0
TCGA-BH-A1FN-11A,74400345.0,35338,0
TCGA-D8-A27E-01A,74718946.0,32596,0
TCGA-A2-A0ER-01A,74753683.0,31805,0
TCGA-BH-A18I-01A,74872189.0,34465,0
TCGA-E2-A155-01A,74954414.0,31980,0
TCGA-D8-A27F-01A,74996428.0,34535,0
TCGA-C8-A1HE-01A,75040755.0,33322,0
TCGA-AC-A2FF-11A,75086221.0,36353,0
TCGA-BH-A0DV-01A,75100439.0,29381,0
TCGA-AN-A0XO-01A,75176436.0,32701,0
TCGA-EW-A1IY-01A,75239776.0,34423,0
TCGA-EW-A1J1-01A,75278361.0,33752,0
TCGA-AC-A23E-01A,75287606.0,31938,0
TCGA-A2-A0SV-01A,75304514.0,32254,0
TCGA-A8-A081-01A,75379907.0,36298,0
TCGA-E9-A1RB-11A,75558506.0,36405,0
TCGA-B6-A0IC-01A,75616223.0,32496,0
TCGA-E9-A1NE-01A,75688176.0,36152,0
TCGA-AQ-A1H2-01A,75688489.0,31571,0
TCGA-E9-A229-01A,75708673.0,35451,0
TCGA-E2-A15P-01A,75741160.0,34269,0
TCGA-BH-A1F8-01A,75805403.0,32860,0
TCGA-D8-A1XM-01A,75857932.0,34406,0
TCGA-A8-A0AB-01A,75971418.0,35005,0
TCGA-D8-A1JE-01A,76037985.0,31923,0
TCGA-E9-A249-01A,76042669.0,33599,0
TCGA-E9-A1RC-11A,76057814.0,32867,0
TCGA-AN-A0FY-01A,76112473.0,35261,0
TCGA-E2-A1LS-11A,76176758.0,32077,0
TCGA-AC-A3HN-01A,76191149.0,35159,0
TCGA-D8-A27L-01A,76274003.0,36944,0
TCGA-AC-A2FG-01A,76286514.0,34985,0
TCGA-A7-A26F-01A,76605936.0,49230,0
TCGA-LL-A442-01A,76623197.0,32496,0
TCGA-AR-A0TQ-01A,76740902.0,33721,0
TCGA-E9-A1N3-01A,76838155.0,34038,0
TCGA-D8-A1XT-01A,76895073.0,33669,0
TCGA-BH-A1FE-01A,76915667.0,35410,0
TCGA-E9-A22B-01A,77262500.0,32869,0
TCGA-C8-A27A-01A,77438797.0,36387,0
TCGA-E9-A1RD-11A,77499185.0,34598,0
TCGA-BH-A0HO-01A,77516847.0,31500,0
TCGA-A2-A1G4-01A,77591883.0,34404,0
TCGA-E2-A1L9-01A,77679100.0,34803,0
TCGA-EW-A2FR-01A,77781568.0,34995,0
TCGA-D8-A1JF-01A,77974459.0,32937,0
TCGA-A2-A3XY-01A,78023832.0,35021,0
TCGA-D8-A1XR-01A,78039876.0,34039,0
TCGA-EW-A1J5-01A,78201045.0,36634,0
TCGA-B6-A0IJ-01A,78331490.0,32724,0
TCGA-AR-A254-01A,78416675.0,34373,0
TCGA-C8-A27B-01A,78466412.0,33058,0
TCGA-BH-A1EN-11A,78557035.0,34993,0
TCGA-AO-A0J6-01A,78691472.0,32112,0
TCGA-D8-A1JA-01A,78696124.0,32896,0
TCGA-AR-A250-01A,78801122.0,33911,0
TCGA-B6-A0IM-01A,78818117.0,33210,0
TCGA-D8-A1Y1-01A,79068257.0,32332,0
TCGA-E9-A22H-01A,79113115.0,34647,0
TCGA-A2-A0D4-01A,79449540.0,32455,0
TCGA-AO-A0J3-01A,79475083.0,33195,0
TCGA-E9-A1RD-01A,79509582.0,35093,0
TCGA-A7-A3J0-01A,79520589.0,33247,0
TCGA-D8-A1JC-01A,79558166.0,34859,0
TCGA-BH-A28Q-01A,79631256.0,34527,0
TCGA-C8-A3M8-01A,79649201.0,34428,0
TCGA-A2-A04Y-01A,79706479.0,36771,0
TCGA-E2-A1IE-01A,79807159.0,33402,0
TCGA-AN-A0FS-01A,79879549.0,34204,0
TCGA-E2-A14T-01A,80261818.0,32930,0
TCGA-GI-A2C8-11A,80488464.0,28370,0
TCGA-D8-A1JH-01A,80600401.0,35366,0
TCGA-AR-A1AR-01A,80625526.0,33937,0
TCGA-AC-A2B8-01A,80627566.0,35503,0
TCGA-AR-A0TZ-01A,80654525.0,33702,0
TCGA-D8-A1JL-01A,80811517.0,34429,0
TCGA-D8-A1X9-01A,80838929.0,33727,0
TCGA-AO-A0J8-01A,81009599.0,32851,0
TCGA-AR-A24H-01A,81125312.0,35032,0
TCGA-E2-A1BD-01A,81176331.0,33433,0
TCGA-A2-A1G1-01A,81200612.0,34324,0
TCGA-A8-A097-01A,81245332.0,35602,0
TCGA-AR-A24M-01A,81276695.0,33270,0
TCGA-EW-A1J2-01A,81329816.0,35949,0
TCGA-E9-A22A-01A,81338523.0,32927,0
TCGA-A8-A07C-01A,81498528.0,35593,0
TCGA-E9-A22D-01A,81573287.0,33291,0
TCGA-E9-A1RB-01A,81642728.0,34516,0
TCGA-AO-A0J5-01A,81730024.0,33431,0
TCGA-AR-A24L-01A,81827907.0,35070,0
TCGA-E2-A1IN-01A,82273370.0,33651,0
TCGA-BH-A1F2-11A,82293610.0,36027,0
TCGA-C8-A1HI-01A,82576996.0,33351,0
TCGA-E9-A1RC-01A,83040006.0,34988,0
TCGA-D8-A1Y0-01A,83067848.0,35831,0
TCGA-A2-A25F-01A,83298963.0,35022,0
TCGA-E2-A15R-01A,83640615.0,33335,0
TCGA-D8-A142-01A,84230623.0,34141,0
TCGA-E9-A1R3-01A,84502983.0,34350,0
TCGA-D8-A1JD-01A,84622143.0,33014,0
TCGA-AO-A0J4-01A,85104362.0,34909,0
TCGA-AN-A0FZ-01A,85561795.0,33467,0
TCGA-A7-A26H-01A,85977044.0,35712,0
TCGA-D8-A1J9-01A,86114524.0,33963,0
TCGA-D8-A27W-01A,86315072.0,32960,0
TCGA-A8-A06Q-01A,86340706.0,34525,0
TCGA-E9-A1N4-01A,86452583.0,34674,0
TCGA-BH-A202-01A,86517431.0,33732,0
TCGA-BH-A1EX-01A,86546041.0,35580,0
TCGA-BH-A1EV-11A,86691458.0,37626,0
TCGA-A7-A26G-01A,86981112.0,35684,0
TCGA-AR-A24Z-01A,87612553.0,34763,0
TCGA-D8-A1XU-01A,88326654.0,34808,0
TCGA-A8-A06N-01A,88432001.0,33702,0
TCGA-A8-A06Z-01A,88951843.0,32436,0
TCGA-C8-A26V-01A,89476253.0,33563,0
TCGA-A8-A091-01A,89759743.0,35295,0
TCGA-A2-A25A-01A,90737223.0,37204,0
TCGA-C8-A134-01A,90759134.0,34773,0
TCGA-A2-A25C-01A,91034379.0,35588,0
TCGA-E2-A1B6-01A,91869891.0,34807,0
TCGA-E2-A14X-01A,91926121.0,35297,0
TCGA-BH-A1ET-01A,92792900.0,34830,0
TCGA-BH-A0B9-01A,93431860.0,34803,0
TCGA-A7-A26I-01A,94576865.0,50028,0
TCGA-BH-A204-01A,94790457.0,33412,0
TCGA-BH-A1F0-01A,95714241.0,36448,0
TCGA-A8-A096-01A,96373277.0,33514,0
TCGA-A8-A08I-01A,96774371.0,37068,0
TCGA-D8-A27V-01A,97239275.0,34941,0
TCGA-BH-A1EU-01A,98266886.0,37876,0
TCGA-BH-A1EO-11A,99434546.0,31423,0
TCGA-E2-A15M-01A,100608368.0,36793,0
TCGA-E9-A243-01A,103495522.0,36732,0
TCGA-E2-A1B1-01A,103733006.0,37739,0
TCGA-AR-A251-01A,103906260.0,38141,0
TCGA-A8-A09I-01A,104167219.0,34392,0
TCGA-E2-A1B0-01A,114015705.0,33266,0
