Gene_set,Term,Overlap,P-value,Adjusted P-value,Old P-value,Old Adjusted P-value,Odds Ratio,Combined Score,Genes,Subtype,Direction
KEGG_2021_Human,Systemic lupus erythematosus,45/135,3.585079912398346e-07,7.817054150567802e-05,0,0,2.686557587423805,39.87204711537301,H2AX;CD80;H2AC16;TNF;H2AC17;H2AC18;H2AC11;H2AC12;H2AC13;H2AC14;C8G;H3C13;H3C14;H3C11;H3C12;H3C1;H3C10;H2BU1;H4C2;H3C3;H4C1;H3C2;H4C4;H4C3;HLA-DOB;H3C7;H4C5;H2AZ1;H2BC9;H3C8;H2BC7;H4C9;H2AC7;H2BC6;H2AC4;H2BC3;H2BC17;H2BC12;H2BC13;H2BC14;IFNG;H2AC20;H2BC10;H2AC21;H2BC11,Basal,Activated
KEGG_2021_Human,Cell cycle,42/124,5.335873140319319e-07,7.817054150567802e-05,0,0,2.750750469043152,39.7308580785887,PCNA;MCM7;BUB1B;TTK;PKMYT1;CDC20;CCNB3;CCNB2;CCNB1;ORC6;CDC45;PTTG1;ORC1;CHEK2;CHEK1;E2F1;E2F2;SFN;E2F3;SKP2;E2F5;BUB1;CDKN2A;PLK1;CDC7;CDC6;CDC25C;CDC25A;CDC25B;SMC1B;CCNA2;CCNA1;DBF4;CCNE2;ESPL1;CCNE1;CDK1;MCM3;MCM4;MCM6;MCM2;MAD2L1,Basal,Activated
KEGG_2021_Human,Alcoholism,48/186,0.000295759304507308,0.0288858254068804,0,0,1.865348635893999,15.157756972387553,SHC4;H2AX;CALML5;H2AC16;H2AC17;H2AC18;H2AC11;GNGT1;H2AC12;H2AC13;H2AC14;H3C13;GNG4;H3C14;H3C11;NPY;H3C12;H3C1;H3C10;H2BU1;H4C2;H3C3;H4C1;H3C2;H4C4;H4C3;H3C7;H4C5;H2AZ1;H2BC9;H3C8;H2BC7;H4C9;H2AC7;H2BC6;H2AC4;H2BC3;H2BC17;GNG13;GRIN2D;H2BC12;H2BC13;H2BC14;TH;H2AC20;H2BC10;H2AC21;H2BC11,Basal,Activated
KEGG_2021_Human,DNA replication,12/36,0.0072738886889939,0.5328123464688063,0,0,2.668888888888889,13.140178991953084,PRIM2;FEN1;PCNA;RNASEH2A;RFC4;MCM7;POLE2;MCM3;MCM4;DNA2;MCM6;MCM2,Basal,Activated
KEGG_2021_Human,Neutrophil extracellular trap formation,42/189,0.0123982781469229,0.7265390994096852,0,0,1.5284798534798534,6.710328699233478,H2AX;H2AC16;H2AC17;H2AC18;H2AC11;H2AC12;H2AC13;H2AC14;H3C13;CLEC7A;H3C14;H3C11;H3C12;H3C1;H3C10;H2BU1;H4C2;H3C3;H4C1;H3C2;H4C4;H4C3;H3C7;H4C5;H2AZ1;H2BC9;H3C8;H2BC7;H4C9;H2AC7;H2BC6;H2AC4;H2BC3;H2BC17;H2BC12;H2BC13;H2BC14;CR1L;H2AC20;H2BC10;H2AC21;H2BC11,Basal,Activated
KEGG_2021_Human,IL-17 signaling pathway,23/94,0.0191845358028008,0.9368448317034416,0,0,1.730348321211115,6.841192940368434,CXCL8;CCL11;MMP1;CCL20;CXCL1;MUC5B;TNF;MMP9;MAPK15;CXCL5;MUC5AC;S100A7A;CXCL10;MMP13;IFNG;CCL7;LCN2;DEFB4A;S100A9;IL17C;S100A8;MAPK4;S100A7,Basal,Activated
KEGG_2021_Human,Maturity onset diabetes of the young,7/26,0.1039440725927791,0.9999962550231296,0,0,1.964017015597631,4.4463426153185495,PDX1;PAX6;BHLHA15;MAFA;MNX1;NKX2-2;FOXA2,Basal,Activated
KEGG_2021_Human,Nicotine addiction,9/40,0.1705388618553287,0.9999962550231296,0,0,1.5475583929283938,2.7373090279137826,GABRQ;GABRA1;GABRP;GABRA5;GABRA3;CACNA1B;SLC17A6;GABRG2;GRIN2D,Basal,Activated
KEGG_2021_Human,Fanconi anemia pathway,11/54,0.2257310130048995,0.9999962550231296,0,0,1.3635021735440207,2.029451901572409,FANCI;RMI2;BLM;BRIP1;RAD51;EME1;FANCD2;UBE2T;FANCA;FANCB;BRCA2,Basal,Activated
KEGG_2021_Human,Bladder cancer,8/41,0.3173336813931356,0.9999962550231296,0,0,1.2916738725235872,1.4825851257680722,CXCL8;CDKN2A;MMP1;E2F1;E2F2;E2F3;MMP9;TYMP,Basal,Activated
KEGG_2021_Human,Homologous recombination,8/41,0.3173336813931356,0.9999962550231296,0,0,1.2916738725235872,1.4825851257680722,BLM;BRIP1;RAD51;EME1;XRCC2;RAD54L;BRCA2;RAD54B,Basal,Activated
KEGG_2021_Human,Graft-versus-host disease,8/42,0.3425990990325424,0.9999962550231296,0,0,1.2536088626953634,1.342858696843452,IL1A;IFNG;CD80;GZMB;KIR3DL3;TNF;HLA-DOB;HLA-G,Basal,Activated
KEGG_2021_Human,One carbon pool by folate,4/20,0.3917348111841401,0.9999962550231296,0,0,1.331697276757441,1.2480269635186236,MTHFD1L;MTHFD2;TYMS;FTCD,Basal,Activated
KEGG_2021_Human,Neuroactive ligand-receptor interaction,56/341,0.4000508635408861,0.9999962550231296,0,0,1.0471729872007771,0.95938175399127,CHRM3;PRSS1;NPFFR1;HTR2C;RXFP1;HTR6;UCN3;GRM8;PRSS3;PRSS2;CHRNB4;EDN2;AVPR1B;GABRG2;ADCYAP1;GAL;CCKBR;UTS2;OPRD1;CALCA;CALCB;CHRNA5;CSH2;CHRNA9;PLG;MCHR2;GHRHR;CHRND;GLRA2;NPW;HRH3;NPBWR1;NPY;CGA;GPR156;NTSR1;NTSR2;GABRQ;GABBR2;GABRA1;GABRP;SLURP2;GABRA5;GABRA3;HTR1D;OPRK1;CCK;AGT;SLURP1;HCRTR2;GRIN2D;GH2;KISS1;POMC;P2RX2;NMU,Basal,Activated
KEGG_2021_Human,GABAergic synapse,15/89,0.437467926232218,0.9999962550231296,0,0,1.0797928529101075,0.8927207790808632,GABRQ;GABBR2;GABRA1;GABRP;KCNJ6;GABRA5;GABRA3;CACNA1B;SLC6A11;GABRG2;GNG13;GNGT1;GNG4;SLC38A3;SLC38A5,Basal,Activated
KEGG_2021_Human,Phototransduction,5/28,0.4608747468683039,0.9999962550231296,0,0,1.1578824145101982,0.8969292640662584,GNGT1;GRK1;CALML5;GNAT1;CNGB1,Basal,Activated
KEGG_2021_Human,Protein digestion and absorption,17/103,0.4645421768371494,0.9999962550231296,0,0,1.0529226901319924,0.8072789056279412,KCNK5;PRSS1;SLC15A1;SLC6A19;COL26A1;COL11A1;COL22A1;COL11A2;ATP1A3;SLC16A10;COL19A1;COL2A1;COL9A1;COL9A3;COL6A5;PRSS3;PRSS2,Basal,Activated
KEGG_2021_Human,p53 signaling pathway,12/73,0.4906075610492375,0.9999962550231296,0,0,1.047743950039032,0.7461097148103089,CCNB2;CCNB1;RRM2;CCNE2;CCNE1;CDKN2A;CHEK2;CHEK1;CDK1;SFN;GTSE1;RPRM,Basal,Activated
KEGG_2021_Human,Taste transduction,14/86,0.497914414420622,0.9999962550231296,0,0,1.0355957927431878,0.7221489853672964,KCNK5;HCN4;CHRM3;GABBR2;GABRA1;GABRA5;HTR3E;GABRA3;HTR1D;HTR3A;HTR3B;GNG13;P2RX2;TRPM5,Basal,Activated
KEGG_2021_Human,Cellular senescence,25/156,0.5044574062148298,0.9999962550231296,0,0,1.0163719409072216,0.6954747291014136,CXCL8;CALML5;LIN9;FOXM1;KIR2DL4;CCNB3;CCNB2;CCNB1;CHEK2;CHEK1;EIF4EBP1;E2F1;E2F2;MYBL2;E2F3;E2F5;CDKN2A;HLA-G;CDC25A;CCNA2;CCNA1;IL1A;CCNE2;CCNE1;CDK1,Basal,Activated
KEGG_2021_Human,Type I diabetes mellitus,7/43,0.5305154680537733,0.9999962550231296,0,0,1.0355168163409052,0.6564204926520663,IL1A;IFNG;CD80;GZMB;TNF;HLA-DOB;HLA-G,Basal,Activated
KEGG_2021_Human,Cysteine and methionine metabolism,8/50,0.544946911203307,0.9999962550231296,0,0,1.0143430866322432,0.615774112833712,LDHC;IL4I1;CBS;PSAT1;CBSL;DNMT3B;PHGDH;MAT1A,Basal,Activated
KEGG_2021_Human,Allograft rejection,6/38,0.5697682795725029,0.9999962550231296,0,0,0.9984553231939164,0.5616566077381182,IFNG;CD80;GZMB;TNF;HLA-DOB;HLA-G,Basal,Activated
KEGG_2021_Human,Oocyte meiosis,20/129,0.5754339159349404,0.9999962550231296,0,0,0.9769386646733512,0.5398864801886145,CALML5;SPDYC;PLK1;CDC25C;FBXO43;PKMYT1;SMC1B;AURKA;CDC20;SGO1;CCNB2;CCNB1;PTTG1;CCNE2;ESPL1;CCNE1;CDK1;FBXO5;BUB1;MAD2L1,Basal,Activated
KEGG_2021_Human,Folate biosynthesis,4/26,0.6062411642113682,0.9999962550231296,0,0,0.9681616673383614,0.4845430450216978,TH;ALPP;GGH;ALPG,Basal,Activated
KEGG_2021_Human,"Glycine, serine and threonine metabolism",6/40,0.6224633608549303,0.9999962550231296,0,0,0.9396108253187206,0.445441783573652,GLDC;CBS;PSAT1;CBSL;PHGDH;PSPH,Basal,Activated
KEGG_2021_Human,Mineral absorption,9/60,0.6227325311477973,0.9999962550231296,0,0,0.939553366541669,0.4450083431413728,SLC6A19;HEPHL1;MT1G;ATP1A3;ATP2B3;MT1H;ATP2B2;SLC26A9;SLC39A4,Basal,Activated
KEGG_2021_Human,Progesterone-mediated oocyte maturation,15/100,0.6301171338844299,0.9999962550231296,0,0,0.939438120338698,0.433879073204664,SPDYC;PLK1;CDC25C;PKMYT1;CDC25A;CDC25B;AURKA;CCNB3;CCNA2;CCNB2;CCNA1;CCNB1;CDK1;BUB1;MAD2L1,Basal,Activated
KEGG_2021_Human,"Phenylalanine, tyrosine and tryptophan biosynthesis",1/6,0.6439567566206366,0.9999962550231296,0,0,1.0650427080037963,0.4687505407521084,IL4I1,Basal,Activated
KEGG_2021_Human,Vitamin B6 metabolism,1/6,0.6439567566206366,0.9999962550231296,0,0,1.0650427080037963,0.4687505407521084,PSAT1,Basal,Activated
KEGG_2021_Human,Tryptophan metabolism,6/42,0.6712532347436416,0.9999962550231296,0,0,0.8873046049852134,0.353687436414696,IL4I1;AANAT;TDO2;IDO2;DHTKD1;IDO1,Basal,Activated
KEGG_2021_Human,Morphine addiction,13/91,0.6983450074206823,0.9999962550231296,0,0,0.8870540912458982,0.31848969131857,GABRQ;GABBR2;GABRA1;GABRP;KCNJ6;GABRA5;KCNJ9;GABRA3;CACNA1B;GABRG2;GNG13;GNGT1;GNG4,Basal,Activated
KEGG_2021_Human,Thiamine metabolism,2/15,0.7112966132620999,0.9999962550231296,0,0,0.8191333982473223,0.279050700499874,ALPP;ALPG,Basal,Activated
KEGG_2021_Human,Mannose type O-glycan biosynthesis,3/23,0.7281752954093181,0.9999962550231296,0,0,0.7985754985754986,0.2533189044597193,MGAT5B;POMK;LARGE2,Basal,Activated
KEGG_2021_Human,Mismatch repair,3/23,0.7281752954093181,0.9999962550231296,0,0,0.7985754985754986,0.2533189044597193,PCNA;RFC4;EXO1,Basal,Activated
KEGG_2021_Human,Viral protein interaction with cytokine and cytokine receptor,14/100,0.7309173135747549,0.9999962550231296,0,0,0.8662864572559913,0.2715417692698063,CCL25;CXCL9;CXCL8;CCL11;CCL20;CXCL1;TNF;CXCL5;CXCL10;CXCL11;CCL7;IL2RA;CCR8;CCL1,Basal,Activated
KEGG_2021_Human,Riboflavin metabolism,1/8,0.7476685667887752,0.9999962550231296,0,0,0.7606544041216613,0.2211948714835569,FLAD1,Basal,Activated
KEGG_2021_Human,Viral carcinogenesis,29/203,0.7529001225174945,0.9999962550231296,0,0,0.8864772848175337,0.251602375932478,RBPJL;CDC20;CHEK1;CCR8;H4C2;H2BU1;H4C1;H4C4;SKP2;H4C3;H4C5;H2BC9;H2BC7;H4C9;CDKN2A;H2BC6;H2BC3;HLA-G;H2BC17;CCNA2;H2BC12;CCNA1;H2BC13;H2BC14;CCNE2;CCNE1;H2BC10;H2BC11;CDK1,Basal,Activated
KEGG_2021_Human,Nitrogen metabolism,2/17,0.7752728101155776,0.9999962550231296,0,0,0.709831223628692,0.1806806515601926,CA6;CA9,Basal,Activated
KEGG_2021_Human,Base excision repair,4/33,0.7885698997497379,0.9999962550231296,0,0,0.7341617348387237,0.1743885405386235,FEN1;NEIL3;PCNA;POLE2,Basal,Activated
KEGG_2021_Human,Rheumatoid arthritis,12/93,0.8180235650037865,0.9999962550231296,0,0,0.7881011169900058,0.1583012489370449,IL1A;CXCL8;IFNG;MMP1;CCL20;CD80;CXCL1;TNF;HLA-DOB;CXCL5;TNFSF13B;ATP6V1C2,Basal,Activated
KEGG_2021_Human,Salivary secretion,12/93,0.8180235650037865,0.9999962550231296,0,0,0.7881011169900058,0.1583012489370449,CHRM3;CALML5;PRB1;PRB2;ATP1A3;ATP2B3;LPO;LYZL1;ATP2B2;AQP5;MUC5B;HTN1,Basal,Activated
KEGG_2021_Human,Transcriptional misregulation in cancer,26/192,0.8324978378947954,0.9999962550231296,0,0,0.8326776493730023,0.1526503421765719,CXCL8;BCL2A1;HOXA11;H3C13;H3C14;H3C11;H3C12;H3C1;H3C10;H3C3;H3C2;H3C7;SSX1;H3C8;IL1R2;HMGA2;GZMB;MMP9;CCNA2;ETV7;CCNA1;MYCN;TLX3;PAX7;WT1;TLX1,Basal,Activated
KEGG_2021_Human,African trypanosomiasis,4/37,0.8579582322304898,0.9999962550231296,0,0,0.6450189034102903,0.0988168063855603,IFNG;IDO2;TNF;IDO1,Basal,Activated
KEGG_2021_Human,Cholinergic synapse,14/113,0.8726915802307108,0.9999962550231296,0,0,0.7519476852386636,0.1023950268937385,KCNJ4;CHRM3;CHRNB4;KCNJ6;CHAT;CACNA1B;KCNJ18;GNG13;GNGT1;GNG4;KCNQ3;KCNQ4;KCNQ5;SLC18A3,Basal,Activated
KEGG_2021_Human,Type II diabetes mellitus,5/46,0.8727708517907233,0.9999962550231296,0,0,0.6488484745474632,0.0882967546336064,CACNA1B;PDX1;MAFA;CACNA1E;TNF,Basal,Activated
KEGG_2021_Human,Ascorbate and aldarate metabolism,3/30,0.8743748061866939,0.9999962550231296,0,0,0.5912911962294678,0.0793785697102252,UGT1A10;MIOX;UGT1A6,Basal,Activated
KEGG_2021_Human,Histidine metabolism,2/22,0.8837309392290634,0.9999962550231296,0,0,0.5322151898734178,0.0657831972270804,UROC1;FTCD,Basal,Activated
KEGG_2021_Human,Asthma,3/31,0.8882587477270848,0.9999962550231296,0,0,0.5701397368064035,0.0675571093601379,CCL11;TNF;HLA-DOB,Basal,Activated
KEGG_2021_Human,Non-homologous end-joining,1/13,0.8933223443939718,0.9999962550231296,0,0,0.4435832542444374,0.0500396489311277,FEN1,Basal,Activated
KEGG_2021_Human,Intestinal immune network for IgA production,5/48,0.8952350600055377,0.9999962550231296,0,0,0.6185958114489027,0.0684593540695957,CCL25;CD80;ICOS;HLA-DOB;TNFSF13B,Basal,Activated
KEGG_2021_Human,Pyrimidine metabolism,6/56,0.8960368648176237,0.9999962550231296,0,0,0.6383269961977186,0.0700715309175981,RRM2;CMPK2;CTPS1;TK1;TYMS;TYMP,Basal,Activated
KEGG_2021_Human,Proximal tubule bicarbonate reclamation,2/23,0.8985457177611553,0.9999962550231296,0,0,0.5068414707655214,0.0542207306189444,ATP1A3;SLC38A3,Basal,Activated
KEGG_2021_Human,Inflammatory bowel disease,7/65,0.9065016283919222,0.9999962550231296,0,0,0.6418929996174655,0.0630097910453185,IL21;IL1A;IFNG;IL21R;TNF;HLA-DOB;IL12RB2,Basal,Activated
KEGG_2021_Human,Ferroptosis,4/41,0.9069109332764604,0.9999962550231296,0,0,0.5751501976961129,0.0561985199142814,FTMT;ACSL6;SLC7A11;CP,Basal,Activated
KEGG_2021_Human,Fructose and mannose metabolism,3/33,0.9119705597489453,0.9999962550231296,0,0,0.5320671098448876,0.0490286914650855,TPI1;GMDS;PFKP,Basal,Activated
KEGG_2021_Human,Pentose and glucuronate interconversions,3/34,0.9220231687718464,0.9999962550231296,0,0,0.5148730202493643,0.0417999285227846,UGT1A10;DHDH;UGT1A6,Basal,Activated
KEGG_2021_Human,Serotonergic synapse,13/113,0.92228603880416,0.9999962550231296,0,0,0.6909939663385202,0.0559013194387098,KCNJ6;PLA2G4D;KCNJ9;HTR3E;HTR1D;CACNA1B;HTR2C;HTR3A;HTR3B;GNG13;GNGT1;HTR6;GNG4,Basal,Activated
KEGG_2021_Human,alpha-Linolenic acid metabolism,2/25,0.9230368447140282,0.9999962550231296,0,0,0.4627132636213539,0.0370569131221351,PLA2G2F;PLA2G4D,Basal,Activated
KEGG_2021_Human,Fat digestion and absorption,4/43,0.9252493605977063,0.9999962550231296,0,0,0.5455903606631916,0.0423880056323295,PNLIPRP1;PLA2G2F;PNLIPRP2;CLPS,Basal,Activated
KEGG_2021_Human,Porphyrin and chlorophyll metabolism,4/43,0.9252493605977063,0.9999962550231296,0,0,0.5455903606631916,0.0423880056323295,UGT1A10;HEPHL1;CP;UGT1A6,Basal,Activated
KEGG_2021_Human,Viral myocarditis,6/60,0.9287241029195388,0.9999962550231296,0,0,0.5909026897620053,0.0436934527137609,CD80;RAC3;HLA-DOB;HLA-G;MYH6;MYH7,Basal,Activated
KEGG_2021_Human,Gastric acid secretion,8/76,0.929193123652818,0.9999962550231296,0,0,0.6255362005296728,0.0459385518587601,ATP4B;CHRM3;MYLK2;KCNJ10;CALML5;CCKBR;ATP1A3;GAST,Basal,Activated
KEGG_2021_Human,Necroptosis,19/159,0.930661856507471,0.9999962550231296,0,0,0.721017226489705,0.0518117732044682,ZBP1;H2AX;H2AZ1;PLA2G4D;H2AC7;IFNB1;H2AC4;H2AC16;TNF;H2AC17;H2AC18;H2AC11;H2AC12;IL1A;H2AC13;H2AC14;IFNG;H2AC20;H2AC21,Basal,Activated
KEGG_2021_Human,Cytokine-cytokine receptor interaction,38/295,0.9322544014769824,0.9999962550231296,0,0,0.7847840491836765,0.0550522389399036,IL21;CXCL9;CCL11;CXCL8;CSH2;CXCL17;IL27;CXCL1;TNF;CXCL5;TNFSF13B;IFNL2;IFNL1;CCL7;IL21R;CCR8;IL36RN;CCL1;IFNL3;IL12RB2;CCL25;IL32;CCL20;IFNB1;IL1R2;TNFRSF9;IL31RA;OSM;IL36G;GDF5;INHBE;GH2;IL1A;CXCL10;CXCL11;IFNG;IL2RA;IL17C,Basal,Activated
KEGG_2021_Human,Adipocytokine signaling pathway,7/69,0.9348386410794464,0.9999962550231296,0,0,0.6003374060630847,0.0404515394562349,POMC;NPY;SLC2A1;ACSL6;NFKBIE;TNF;PRKAG3,Basal,Activated
KEGG_2021_Human,Autoimmune thyroid disease,5/53,0.936947123470534,0.9999962550231296,0,0,0.5539937704571851,0.0360807445353324,CD80;GZMB;CGA;HLA-DOB;HLA-G,Basal,Activated
KEGG_2021_Human,Glycosaminoglycan biosynthesis,5/53,0.936947123470534,0.9999962550231296,0,0,0.5539937704571851,0.0360807445353324,CHST6;EXTL1;B3GNT7;NDST3;CHST4,Basal,Activated
KEGG_2021_Human,Mucin type O-glycan biosynthesis,3/36,0.939041182538876,0.9999962550231296,0,0,0.4836110391665947,0.0304171722891395,GALNT14;GALNT13;GCNT3,Basal,Activated
KEGG_2021_Human,Tyrosine metabolism,3/36,0.939041182538876,0.9999962550231296,0,0,0.4836110391665947,0.0304171722891395,IL4I1;TH;TYRP1,Basal,Activated
KEGG_2021_Human,Glycosphingolipid biosynthesis,4/45,0.9402673315142576,0.9999962550231296,0,0,0.5189144101700675,0.0319604828235361,FUT5;B3GNT4;B4GALNT1;FUT3,Basal,Activated
KEGG_2021_Human,Antigen processing and presentation,8/78,0.9406197392562538,0.9999962550231296,0,0,0.6075912673249388,0.0371945038058913,IFNG;HSPA6;TAP1;KIR3DL3;TNF;HLA-DOB;HLA-G;KIR2DL4,Basal,Activated
KEGG_2021_Human,Synaptic vesicle cycle,8/78,0.9406197392562538,0.9999962550231296,0,0,0.6075912673249388,0.0371945038058913,UNC13A;SLC6A9;CACNA1B;SLC17A6;SLC6A11;SLC1A6;SLC18A3;ATP6V1C2,Basal,Activated
KEGG_2021_Human,Collecting duct acid secretion,2/27,0.9418717453590992,0.9999962550231296,0,0,0.4256455696202532,0.0254902808558009,ATP4B;ATP6V1C2,Basal,Activated
KEGG_2021_Human,Amoebiasis,11/102,0.9432491781146116,0.9999962550231296,0,0,0.6424508528602467,0.0375350571091533,SERPINB3;SERPINB10;SERPINB4;CXCL8;C8G;SERPINB13;IFNG;IL1R2;CXCL1;TNF;CD1A,Basal,Activated
KEGG_2021_Human,Pancreatic secretion,11/102,0.9432491781146116,0.9999962550231296,0,0,0.6424508528602467,0.0375350571091533,PNLIPRP1;PLA2G2F;CHRM3;PNLIPRP2;PRSS1;ATP1A3;ATP2B3;ATP2B2;CCK;PRSS3;PRSS2,Basal,Activated
KEGG_2021_Human,Aldosterone-regulated sodium reabsorption,3/37,0.9461955261667676,0.9999962550231296,0,0,0.4693592536729791,0.025958403538848,FXYD4;ATP1A3;SFN,Basal,Activated
KEGG_2021_Human,Phenylalanine metabolism,1/17,0.9464343797544742,0.9999962550231296,0,0,0.332608351787409,0.0183113004944869,IL4I1,Basal,Activated
KEGG_2021_Human,Staphylococcus aureus infection,10/95,0.9466618510017633,0.9999962550231296,0,0,0.6252985965959988,0.0342746942454946,KRT33B;KRT38;KRT16;KRT23;KRT34;DSG1;PLG;DEFB4A;HLA-DOB;KRT9,Basal,Activated
KEGG_2021_Human,ECM-receptor interaction,9/88,0.9504710567852348,0.9999962550231296,0,0,0.60553541533681,0.0307597264566903,COL2A1;IBSP;SPP1;COL9A1;COL9A3;COL6A5;HMMR;FREM2;DSPP,Basal,Activated
KEGG_2021_Human,GnRH secretion,6/64,0.9519841020474696,0.9999962550231296,0,0,0.5500196669725973,0.0270647868747151,KISS1;GABBR2;KCNJ6;KCNJ9;SPP1;CGA,Basal,Activated
KEGG_2021_Human,Fatty acid biosynthesis,1/18,0.9549099992974788,0.9999962550231296,0,0,0.3130245454714628,0.0144423842369191,ACSL6,Basal,Activated
KEGG_2021_Human,Linoleic acid metabolism,2/29,0.9562667747518204,0.9999962550231296,0,0,0.3940693858415377,0.0176221334182944,PLA2G2F;PLA2G4D,Basal,Activated
KEGG_2021_Human,Glutathione metabolism,5/57,0.9588374914490044,0.9999962550231296,0,0,0.5112570356472795,0.0214900119324535,RRM2;GSTA5;GSTA2;CHAC2;CHAC1,Basal,Activated
KEGG_2021_Human,Legionellosis,5/57,0.9588374914490044,0.9999962550231296,0,0,0.5112570356472795,0.0214900119324535,CXCL8;CR1L;HSPA6;CXCL1;TNF,Basal,Activated
KEGG_2021_Human,Glycosaminoglycan degradation,1/19,0.9620448317272688,0.9999962550231296,0,0,0.2956167176350662,0.0114386603107117,HYAL4,Basal,Activated
KEGG_2021_Human,Glyoxylate and dicarboxylate metabolism,2/30,0.9621161607386514,0.9999962550231296,0,0,0.3799728752260398,0.0146745852699179,GLDC;HAO1,Basal,Activated
KEGG_2021_Human,Malaria,4/50,0.9665505643195886,0.9999962550231296,0,0,0.4623729933639893,0.0157306989767381,CXCL8;IFNG;CR1L;TNF,Basal,Activated
KEGG_2021_Human,Pancreatic cancer,7/76,0.9666620300523914,0.9999962550231296,0,0,0.5392085256896116,0.0182825920161965,RAD51;CDKN2A;E2F1;RAC3;E2F2;E2F3;BRCA2,Basal,Activated
KEGG_2021_Human,Galactose metabolism,2/31,0.9672097359813332,0.9999962550231296,0,0,0.3668485377564382,0.012230698546163,LCT;PFKP,Basal,Activated
KEGG_2021_Human,Steroid biosynthesis,1/20,0.9680509232209552,0.9999962550231296,0,0,0.2800412927288166,0.0090931050068072,SQLE,Basal,Activated
KEGG_2021_Human,Retinol metabolism,6/68,0.9681609197059092,0.9999962550231296,0,0,0.5144118729302097,0.0166448075627417,UGT1A10;CYP27C1;CYP2W1;RDH10;HSD17B6;UGT1A6,Basal,Activated
KEGG_2021_Human,Complement and coagulation cascades,8/85,0.9688384926502772,0.9999962550231296,0,0,0.5521251101466701,0.0174788207458487,C8G;SERPINB2;CR1L;F12;CFHR4;PLAUR;PLG;F13B,Basal,Activated
KEGG_2021_Human,Pantothenate and CoA biosynthesis,1/21,0.9731067938421534,0.9999962550231296,0,0,0.266023410313192,0.0072521827099758,VNN3,Basal,Activated
KEGG_2021_Human,RIG-I-like receptor signaling pathway,6/70,0.9742141310634892,0.9999962550231296,0,0,0.4982770912547528,0.0130170666766728,IFIH1;CXCL10;CXCL8;IFNB1;ISG15;TNF,Basal,Activated
KEGG_2021_Human,Terpenoid backbone biosynthesis,1/22,0.9773627364805478,0.9999962550231296,0,0,0.2533405643181031,0.0058008453094618,PDSS1,Basal,Activated
KEGG_2021_Human,Estrogen signaling pathway,14/137,0.977566378010412,0.9999962550231296,0,0,0.6043584260493177,0.013712338813782,SHC4;GABBR2;KCNJ6;CALML5;KCNJ9;HSPA6;KRT23;KRT34;MMP9;KRT9;KRT33B;POMC;KRT38;KRT16,Basal,Activated
KEGG_2021_Human,Cytosolic DNA-sensing pathway,5/63,0.9789104967684172,0.9999962550231296,0,0,0.4582045372625692,0.0097666589213815,ZBP1;CXCL10;AIM2;IFNB1;CGAS,Basal,Activated
KEGG_2021_Human,Lysine degradation,5/63,0.9789104967684172,0.9999962550231296,0,0,0.4582045372625692,0.0097666589213815,SUV39H2;PLOD3;PLOD1;DHTKD1;EZH2,Basal,Activated
KEGG_2021_Human,Melanoma,6/72,0.9791874216936706,0.9999962550231296,0,0,0.4831201751353842,0.0101610863310121,FGF5;CDKN2A;E2F1;E2F2;E2F3;FGF21,Basal,Activated
KEGG_2021_Human,Renin-angiotensin system,1/23,0.9809452794466138,0.9999962550231296,0,0,0.2418107043225676,0.0046520997433923,AGT,Basal,Activated
KEGG_2021_Human,Small cell lung cancer,8/92,0.9842936582583144,0.9999962550231296,0,0,0.5059033124981127,0.0080089519318192,CCNE2;CCNE1;CKS2;E2F1;E2F2;E2F3;SKP2;CKS1B,Basal,Activated
KEGG_2021_Human,Human T-cell leukemia virus 1 infection,24/219,0.9843709361617292,0.9999962550231296,0,0,0.6527626611756631,0.0102826342378101,MMP7;CDKN2A;IL1R2;SLC2A1;BUB1B;HLA-G;TNF;CDC20;CCNA2;CCNB2;CCNA1;TERT;PTTG1;CCNE2;ESPL1;CCNE1;CHEK2;IL2RA;CHEK1;E2F1;E2F2;E2F3;HLA-DOB;MAD2L1,Basal,Activated
KEGG_2021_Human,Glioma,6/75,0.9849988963705798,0.9999962550231296,0,0,0.4620322918388714,0.0069835063932834,SHC4;CALML5;CDKN2A;E2F1;E2F2;E2F3,Basal,Activated
KEGG_2021_Human,Nucleotide excision repair,3/47,0.9853562942011148,0.9999962550231296,0,0,0.3624708624708624,0.0053471640786705,PCNA;RFC4;POLE2,Basal,Activated
KEGG_2021_Human,Other types of O-glycan biosynthesis,3/47,0.9853562942011148,0.9999962550231296,0,0,0.3624708624708624,0.0053471640786705,GALNT14;GALNT13;PLOD3,Basal,Activated
KEGG_2021_Human,Signaling pathways regulating pluripotency of stem cells,14/143,0.986316833757391,0.9999962550231296,0,0,0.5760418821350827,0.0079364997418344,WNT10A;DLX5;ESX1;FZD9;PAX6;DUSP9;POU5F1;INHBE;SOX2;WNT6;ZIC3;LHX5;OTX1;LEFTY2,Basal,Activated
KEGG_2021_Human,Metabolism of xenobiotics by cytochrome P450,6/76,0.9865706082261247,0.9999962550231296,0,0,0.4554046713742531,0.0061572449390251,UGT1A10;GSTA5;GSTA2;DHDH;CYP2F1;UGT1A6,Basal,Activated
KEGG_2021_Human,Amino sugar and nucleotide sugar metabolism,3/48,0.9872007991541114,0.9999962550231296,0,0,0.354394850691147,0.0045652493697362,CYB5R2;CHIA;GMDS,Basal,Activated
KEGG_2021_Human,Leishmaniasis,6/77,0.9879865072289604,0.9999962550231296,0,0,0.4489637444438494,0.0054262826590093,IL1A;MARCKSL1;IFNG;CR1L;TNF;HLA-DOB,Basal,Activated
KEGG_2021_Human,Insulin secretion,7/86,0.9880962719595254,0.9999962550231296,0,0,0.4706734337699854,0.0056363824884458,RIMS2;CHRM3;ADCYAP1;SLC2A1;PDX1;ATP1A3;CCK,Basal,Activated
KEGG_2021_Human,Primary immunodeficiency,2/38,0.9882950782283086,0.9999962550231296,0,0,0.295393811533052,0.0034779559995836,TAP1;ICOS,Basal,Activated
KEGG_2021_Human,Ether lipid metabolism,3/49,0.9888207589158544,0.9999962550231296,0,0,0.3466699698583756,0.0038973325977607,PLA2G2F;UGT8;PLA2G4D,Basal,Activated
KEGG_2021_Human,Sphingolipid metabolism,3/49,0.9888207589158544,0.9999962550231296,0,0,0.3466699698583756,0.0038973325977607,UGT8;PSAPL1;CERS1,Basal,Activated
KEGG_2021_Human,Toll-like receptor signaling pathway,9/104,0.9888781330107428,0.9999962550231296,0,0,0.5030697581250939,0.0056264214134026,CXCL10;CXCL11;CXCL9;CXCL8;IFNB1;CD80;SPP1;LBP;TNF,Basal,Activated
KEGG_2021_Human,Cardiac muscle contraction,7/87,0.9893052780502544,0.9999962550231296,0,0,0.4647622820919176,0.0049972734925244,ATP1A3;TNNI3;COX6A2;COX7B2;MYH6;MYH7;CACNG5,Basal,Activated
KEGG_2021_Human,Various types of N-glycan biosynthesis,2/39,0.989920809680964,0.9999962550231296,0,0,0.2873930892918234,0.002911386625638,B4GALNT3;B4GALNT4,Basal,Activated
KEGG_2021_Human,Arginine and proline metabolism,3/50,0.9902422338986772,0.9999962550231296,0,0,0.3392738073589137,0.0033268121099071,CKMT1A;CKMT1B;PYCR1,Basal,Activated
KEGG_2021_Human,Glutamatergic synapse,10/114,0.9903933148616086,0.9999962550231296,0,0,0.5104817454119485,0.0049277451259632,GNGT1;PLA2G4D;GNG4;GRM8;SLC17A6;HOMER3;SLC1A6;SLC38A3;GNG13;GRIN2D,Basal,Activated
KEGG_2021_Human,Biosynthesis of unsaturated fatty acids,1/27,0.9904347354532756,0.9999962550231296,0,0,0.2045603874139147,0.0019660923809175,ELOVL4,Basal,Activated
KEGG_2021_Human,Fatty acid elongation,1/27,0.9904347354532756,0.9999962550231296,0,0,0.2045603874139147,0.0019660923809175,ELOVL4,Basal,Activated
KEGG_2021_Human,Circadian entrainment,8/97,0.9905799175561985,0.9999962550231296,0,0,0.4773392802433863,0.0045178883813868,GNGT1;ADCYAP1;KCNJ6;CALML5;GNG4;KCNJ9;GNG13;GRIN2D,Basal,Activated
KEGG_2021_Human,Prostate cancer,8/97,0.9905799175561985,0.9999962550231296,0,0,0.4773392802433863,0.0045178883813868,CCNE2;SRD5A2;CCNE1;IL1R2;E2F1;E2F2;E2F3;MMP9,Basal,Activated
KEGG_2021_Human,Central carbon metabolism in cancer,5/70,0.9906917027751536,0.9999962550231296,0,0,0.4086888721035062,0.0038220134381035,LDHC;SLC7A5;SLC2A1;SLC16A3;PFKP,Basal,Activated
KEGG_2021_Human,Steroid hormone biosynthesis,4/61,0.9913676227904656,0.9999962550231296,0,0,0.3728986811550726,0.003232976375818,UGT1A10;SRD5A2;HSD17B6;UGT1A6,Basal,Activated
KEGG_2021_Human,Inflammatory mediator regulation of TRP channels,8/98,0.9915125551207522,0.9999962550231296,0,0,0.4720073275558374,0.0040232339180513,ASIC4;ASIC5;CALML5;PLA2G4D;TRPA1;TRPV3;HTR2C;TRPM8,Basal,Activated
KEGG_2021_Human,Hypertrophic cardiomyopathy,7/90,0.992275654997597,0.9999962550231296,0,0,0.447883451396712,0.0034730371032488,TNNI3;TNF;PRKAG3;MYH6;AGT;MYH7;CACNG5,Basal,Activated
KEGG_2021_Human,Hematopoietic cell lineage,8/99,0.9923577619604668,0.9999962550231296,0,0,0.4667925606416411,0.0035810409429534,IL1A;CR1L;IL1R2;IL2RA;CD24;TNF;HLA-DOB;CD1A,Basal,Activated
KEGG_2021_Human,Endocrine and other factor-regulated calcium reabsorption,3/53,0.9935357353974602,0.9999962550231296,0,0,0.3188603988603988,0.002067888904255,ATP1A3;ATP2B3;ATP2B2,Basal,Activated
KEGG_2021_Human,Th1 and Th2 cell differentiation,7/92,0.9938021196970268,0.9999962550231296,0,0,0.4372928125291321,0.002718722397501,RBPJL;IFNG;IL2RA;NFKBIE;HLA-DOB;DLL3;IL12RB2,Basal,Activated
KEGG_2021_Human,PPAR signaling pathway,5/74,0.9942573408924732,0.9999962550231296,0,0,0.3849049501223414,0.0022167490439719,MMP1;FABP6;FABP7;ACSL6;APOA2,Basal,Activated
KEGG_2021_Human,Citrate cycle (TCA cycle),1/30,0.9942955895305924,0.9999962550231296,0,0,0.1833662415865778,0.0010489910988286,OGDHL,Basal,Activated
KEGG_2021_Human,Pentose phosphate pathway,1/30,0.9942955895305924,0.9999962550231296,0,0,0.1833662415865778,0.0010489910988286,PFKP,Basal,Activated
KEGG_2021_Human,Circadian rhythm,1/31,0.9951984135858454,0.9999962550231296,0,0,0.1772434883475693,0.0008530996845559624,PRKAG3,Basal,Activated
KEGG_2021_Human,Chronic myeloid leukemia,5/76,0.995506510231692,0.9999962550231296,0,0,0.3740179435816674,0.0016844331348245,SHC4;CDKN2A;E2F1;E2F2;E2F3,Basal,Activated
KEGG_2021_Human,Pertussis,5/76,0.995506510231692,0.9999962550231296,0,0,0.3740179435816674,0.0016844331348245,IL1A;CXCL8;CALML5;TNF;CXCL5,Basal,Activated
KEGG_2021_Human,Retrograde endocannabinoid signaling,13/148,0.9957791536957704,0.9999962550231296,0,0,0.5107770838479,0.0021604742959074,GABRQ;GABRA1;GABRP;KCNJ6;GABRA5;KCNJ9;GABRA3;CACNA1B;GABRG2;GNG13;GNGT1;GNG4;SLC17A6,Basal,Activated
KEGG_2021_Human,Natural killer cell mediated cytotoxicity,11/131,0.995794463186376,0.9999962550231296,0,0,0.4863482492330477,0.0020496684718294,SHC4;IFNG;IFNB1;RAET1L;RAC3;GZMB;ULBP2;KIR3DL3;TNF;HLA-G;ULBP1,Basal,Activated
KEGG_2021_Human,ABC transporters,2/45,0.9959314504121692,0.9999962550231296,0,0,0.247203414777745,0.0010078109086674,TAP1;ABCA13,Basal,Activated
KEGG_2021_Human,Acute myeloid leukemia,4/67,0.996023208200074,0.9999962550231296,0,0,0.3372638901454607,0.0013439022571472,CCNA2;CCNA1;BCL2A1;EIF4EBP1,Basal,Activated
KEGG_2021_Human,Glycolysis / Gluconeogenesis,4/67,0.996023208200074,0.9999962550231296,0,0,0.3372638901454607,0.0013439022571472,LDHC;TPI1;GAPDH;PFKP,Basal,Activated
KEGG_2021_Human,Gastric cancer,13/149,0.9961570029215494,0.9999962550231296,0,0,0.506991014888013,0.0019521183887844,SHC4;WNT10A;CDX2;FZD9;FGF5;WNT6;CCNE2;TERT;CCNE1;E2F1;E2F2;E2F3;FGF21,Basal,Activated
KEGG_2021_Human,Gap junction,6/88,0.9966251170101372,0.9999962550231296,0,0,0.3884818696095706,0.0013132982161493,GJD2;TUBA1C;TUBB3;CDK1;HTR2C;TUBB4A,Basal,Activated
KEGG_2021_Human,Chemokine signaling pathway,18/192,0.9966503465570828,0.9999962550231296,0,0,0.5483021847854699,0.0018397052115122,SHC4;CCL25;CXCL9;CXCL8;CCL11;CCL20;CXCL1;CXCL5;GNG13;GRK1;GNGT1;CXCL10;CXCL11;CCL7;GNG4;CCR8;RAC3;CCL1,Basal,Activated
KEGG_2021_Human,Aldosterone synthesis and secretion,7/98,0.9968442628224184,0.9999962550231296,0,0,0.4083140314519078,0.0012905691904918,POMC;CALML5;KCNK9;ATP1A3;ATP2B3;ATP2B2;AGT,Basal,Activated
KEGG_2021_Human,Renin secretion,4/69,0.9969429022709106,0.9999962550231296,0,0,0.3268475666195742,0.0010007354072284,ADCYAP1;EDN2;CALML5;AGT,Basal,Activated
KEGG_2021_Human,Carbohydrate digestion and absorption,2/47,0.9970030667896194,0.9999962550231296,0,0,0.2361884669479606,0.0007089038606547215,ATP1A3;LCT,Basal,Activated
KEGG_2021_Human,Propanoate metabolism,1/34,0.9971362691676818,0.9999962550231296,0,0,0.1611016843538197,0.00046201371828647104,LDHC,Basal,Activated
KEGG_2021_Human,Notch signaling pathway,3/59,0.9972056282538329,0.9999962550231296,0,0,0.2845950345950346,0.0007963775301423223,RBPJL;TLE7;DLL3,Basal,Activated
KEGG_2021_Human,VEGF signaling pathway,3/59,0.9972056282538329,0.9999962550231296,0,0,0.2845950345950346,0.0007963775301423223,PLA2G4D;SH2D2A;RAC3,Basal,Activated
KEGG_2021_Human,Hepatitis B,14/162,0.9974905108738636,0.9999962550231296,0,0,0.5015196263607954,0.001260139864686,CXCL8;PCNA;IFNB1;TNF;MMP9;IFIH1;CCNA2;CCNA1;CCNE2;CCNE1;E2F1;BIRC5;E2F2;E2F3,Basal,Activated
KEGG_2021_Human,Cocaine addiction,2/49,0.9977955180883497,0.9999962550231296,0,0,0.2261109614866684,0.0004990077537170597,TH;GRIN2D,Basal,Activated
KEGG_2021_Human,Influenza A,15/172,0.9978267785785364,0.9999962550231296,0,0,0.5064271098346621,0.001101775879076,PRSS1;CXCL8;RSAD2;IFNB1;MX1;PLG;TNF;IFIH1;CXCL10;IL1A;IFNG;KPNA2;PRSS3;HLA-DOB;PRSS2,Basal,Activated
KEGG_2021_Human,Cushing syndrome,13/155,0.9978328578431196,0.9999962550231296,0,0,0.4853944243421788,0.0010530601978699,WNT10A;CDKN2A;FZD9;AGT;NR5A1;POMC;WNT6;CCNE2;CCNE1;E2F1;E2F2;E2F3;AIPL1,Basal,Activated
KEGG_2021_Human,Non-small cell lung cancer,4/72,0.9979474959067924,0.9999962550231296,0,0,0.3123719405431583,0.0006418035643354008,CDKN2A;E2F1;E2F2;E2F3,Basal,Activated
KEGG_2021_Human,Cholesterol metabolism,2/50,0.99811021309719,0.9999962550231296,0,0,0.2213871308016877,0.000418770318318396,APOA2;PCSK9,Basal,Activated
KEGG_2021_Human,Hepatitis C,13/157,0.9982161551124462,0.9999962550231296,0,0,0.4785954976888606,0.000854502508519365,RSAD2;IFNB1;MX1;TNF;CLDN6;CXCL10;CLDN10;IFNG;CLDN9;E2F1;E2F2;E2F3;CLDN16,Basal,Activated
KEGG_2021_Human,"Alanine, aspartate and glutamate metabolism",1/37,0.9982917209576292,0.9999962550231296,0,0,0.1476501810256951,0.0002524433931703185,IL4I1,Basal,Activated
KEGG_2021_Human,TGF-beta signaling pathway,6/94,0.998360837268792,0.9999962550231296,0,0,0.3618648461804355,0.0005936420405757423,IFNG;E2F5;TNF;LEFTY2;GDF5;INHBE,Basal,Activated
KEGG_2021_Human,Ovarian steroidogenesis,2/51,0.9983804636151408,0.9999962550231296,0,0,0.2168561095324205,0.0003514910628387879,PLA2G4D;CGA,Basal,Activated
KEGG_2021_Human,Basal cell carcinoma,3/63,0.9984175836429492,0.9999962550231296,0,0,0.2655587211142767,0.0004205573002514726,WNT6;WNT10A;FZD9,Basal,Activated
KEGG_2021_Human,Epstein-Barr virus infection,18/202,0.9986003072442764,0.9999962550231296,0,0,0.5181920013275805,0.0007258176697804515,RBPJL;IFNB1;TAP1;ISG15;HLA-G;TNF;SAP30;CCNA2;CXCL10;CCNA1;CCNE2;CCNE1;E2F1;E2F2;E2F3;SKP2;NFKBIE;HLA-DOB,Basal,Activated
KEGG_2021_Human,Dilated cardiomyopathy,6/96,0.9987165914904772,0.9999962550231296,0,0,0.353781157583439,0.0004543373607719724,TNNI3;TNF;MYH6;AGT;MYH7;CACNG5,Basal,Activated
KEGG_2021_Human,Cortisol synthesis and secretion,3/65,0.9988120694055856,0.9999962550231296,0,0,0.256961676316515,0.0003054340900783446,NR5A1;POMC;AGT,Basal,Activated
KEGG_2021_Human,Arrhythmogenic right ventricular cardiomyopathy,4/77,0.9989531191273272,0.9999962550231296,0,0,0.2908898470507604,0.0003046865300239627,CDH2;ACTN2;DSC2;CACNG5,Basal,Activated
KEGG_2021_Human,Drug metabolism,7/108,0.9990178512670728,0.9999962550231296,0,0,0.3676672263105867,0.00036128134552347753,UGT1A10;RRM2;GSTA5;GSTA2;TK1;TYMP;UGT1A6,Basal,Activated
KEGG_2021_Human,Regulation of lipolysis in adipocytes,2/55,0.9991286644089252,0.9999962550231296,0,0,0.200441843802245,0.00017472824697536924,NPY;CGA,Basal,Activated
KEGG_2021_Human,Breast cancer,11/147,0.9991839412720112,0.9999962550231296,0,0,0.428720107528889,0.00035000361679810184,FGF5;SHC4;WNT6;WNT10A;FZD9;E2F1;E2F2;E2F3;BRCA2;FGF21;DLL3,Basal,Activated
KEGG_2021_Human,Fc epsilon RI signaling pathway,3/68,0.9992293093249148,0.9999962550231296,0,0,0.2450580758273066,0.0001889367891606252,PLA2G4D;RAC3;TNF,Basal,Activated
KEGG_2021_Human,Mitophagy,3/68,0.9992293093249148,0.9999962550231296,0,0,0.2450580758273066,0.0001889367891606252,ATG9B;BECN2;E2F1,Basal,Activated
KEGG_2021_Human,Bile secretion,5/90,0.9992393527182898,0.9999962550231296,0,0,0.3121541299446608,0.00023752953997340583,UGT1A10;SLCO1B3;SLC2A1;ATP1A3;UGT1A6,Basal,Activated
KEGG_2021_Human,Cell adhesion molecules,11/148,0.9992661052108311,0.9999962550231296,0,0,0.4255652822531139,0.0003124348042624388,CLDN6;CLDN10;CDH2;CLDN9;CD80;CDH15;CLDN16;ICOS;L1CAM;HLA-DOB;HLA-G,Basal,Activated
KEGG_2021_Human,Melanogenesis,6/101,0.9993090094499067,0.9999962550231296,0,0,0.3350610366219732,0.00023160403732928837,POMC;WNT6;WNT10A;CALML5;TYRP1;FZD9,Basal,Activated
KEGG_2021_Human,Amphetamine addiction,3/69,0.9993332179503068,0.9999962550231296,0,0,0.2413306857751302,0.00016096864078099933,CALML5;TH;GRIN2D,Basal,Activated
KEGG_2021_Human,FoxO signaling pathway,9/131,0.9993753959032023,0.9999962550231296,0,0,0.3911029308542996,0.0002443608152111654,CCNB3;PLK4;CCNB2;CCNB1;FOXG1;PLK1;HOMER3;SKP2;PRKAG3,Basal,Activated
KEGG_2021_Human,Fatty acid degradation,1/43,0.9993912459120194,0.9999962550231296,0,0,0.1265121043672135,7.703821175553516e-05,ACSL6,Basal,Activated
KEGG_2021_Human,TNF signaling pathway,7/112,0.9993917816990476,0.9999962550231296,0,0,0.3535763338615953,0.00021511702272686896,CXCL10;CCL20;IFNB1;CXCL1;TNF;MMP9;CXCL5,Basal,Activated
KEGG_2021_Human,Epithelial cell signaling in Helicobacter pylori infection,3/70,0.9994232652462058,0.9999962550231296,0,0,0.2377145610976457,0.000137137798737595,CXCL8;CXCL1;ATP6V1C2,Basal,Activated
KEGG_2021_Human,Prolactin signaling pathway,3/70,0.9994232652462058,0.9999962550231296,0,0,0.2377145610976457,0.000137137798737595,SHC4;TH;CGA,Basal,Activated
KEGG_2021_Human,Human immunodeficiency virus 1 infection,18/212,0.9994365627552972,0.9999962550231296,0,0,0.4911859604942158,0.00027683045983895846,CALML5;IFNB1;TAP1;CGAS;CDC25C;HLA-G;TNF;GNG13;GNGT1;CCNB3;CCNB2;CCNB1;GNG4;CHEK1;CDK1;RAC3;APOBEC3A;APOBEC3B,Basal,Activated
KEGG_2021_Human,Dopaminergic synapse,9/132,0.9994421638456517,0.9999962550231296,0,0,0.3879000255273723,0.0002164450345590784,GNGT1;KCNJ6;CALML5;TH;GNG4;KCNJ9;CACNA1B;SCN1A;GNG13,Basal,Activated
KEGG_2021_Human,Apoptosis,10/142,0.9994801408229648,0.9999962550231296,0,0,0.4015247654207045,0.00020879060967150852,HRK;TUBA1C;BCL2A1;BECN2;BIRC5;GZMB;CTSV;TNF;LMNB2;LMNB1,Basal,Activated
KEGG_2021_Human,Vascular smooth muscle contraction,9/133,0.9995019588380902,0.9999962550231296,0,0,0.3847487799637826,0.00019166846277133187,PLA2G2F;MYLK2;CALCA;CALCB;EDN2;CALML5;AVPR1B;PLA2G4D;AGT,Basal,Activated
KEGG_2021_Human,NF-kappa B signaling pathway,6/104,0.9995255204546616,0.9999962550231296,0,0,0.3247458679289206,0.00015412183848748375,CXCL8;BCL2A1;CXCL1;LBP;TNF;TNFSF13B,Basal,Activated
KEGG_2021_Human,JAK-STAT signaling pathway,12/162,0.9995641458751954,0.9999962550231296,0,0,0.4238222222222222,0.00018476493194387344,GH2;IL21;IFNL2;IFNL1;IFNG;CSH2;IFNB1;IL2RA;IL21R;OSM;IFNL3;IL12RB2,Basal,Activated
KEGG_2021_Human,Basal transcription factors,1/45,0.9995680295549012,0.9999962550231296,0,0,0.1207471743694458,5.217047952085408e-05,TAF7L,Basal,Activated
KEGG_2021_Human,NOD-like receptor signaling pathway,14/181,0.9996085039477116,0.9999962550231296,0,0,0.4439545305830524,0.0001738404772698986,GBP5;CXCL8;RIPK2;IFNB1;CXCL1;TNF;AIM2;CASP5;NLRP7;CARD17;CARD18;PYDC1;DEFB4A;GBP1,Basal,Activated
KEGG_2021_Human,cAMP signaling pathway,18/216,0.999611858580078,0.9999962550231296,0,0,0.481147351376359,0.00018678946886523592,HCN4;GABBR2;EDN2;CALML5;HTR1D;ATP1A3;ATP2B3;ATP2B2;GRIN2D;POMC;ADCYAP1;HTR6;NPY;RAC3;CNGA2;TNNI3;CGA;CNGB1,Basal,Activated
KEGG_2021_Human,Inositol phosphate metabolism,3/73,0.9996272557555744,0.9999962550231296,0,0,0.2274860941527608,8.480993947282808e-05,MIOX;TPI1;PLCH1,Basal,Activated
KEGG_2021_Human,Proteasome,1/46,0.999636015864106,0.9999962550231296,0,0,0.1180568737038208,4.297865140966683e-05,IFNG,Basal,Activated
KEGG_2021_Human,Arachidonic acid metabolism,2/61,0.9996579047428388,0.9999962550231296,0,0,0.1799935636129586,6.158547908238302e-05,PLA2G2F;PLA2G4D,Basal,Activated
KEGG_2021_Human,Glycerolipid metabolism,2/61,0.9996579047428388,0.9999962550231296,0,0,0.1799935636129586,6.158547908238302e-05,PNLIPRP1;PNLIPRP2,Basal,Activated
KEGG_2021_Human,Glucagon signaling pathway,6/107,0.9996750311134264,0.9999962550231296,0,0,0.3150434815344652,0.00010239596806963812,LDHC;CALML5;PPP4R3C;SLC2A1;PRKAG3;PFKP,Basal,Activated
KEGG_2021_Human,Th17 cell differentiation,6/107,0.9996750311134264,0.9999962550231296,0,0,0.3150434815344652,0.00010239596806963812,IL21;IFNG;IL2RA;IL21R;NFKBIE;HLA-DOB,Basal,Activated
KEGG_2021_Human,Pyruvate metabolism,1/47,0.999693228608523,0.9999962550231296,0,0,0.1154835426323535,3.5432482179863144e-05,LDHC,Basal,Activated
KEGG_2021_Human,Wnt signaling pathway,12/166,0.999714544577698,0.9999962550231296,0,0,0.4127149041434755,0.00011782852544859766,WNT6;WNT10A;VANGL2;MMP7;FZD9;RSPO2;RAC3;NOTUM;DKK1;TLE7;LGR5;RSPO4,Basal,Activated
KEGG_2021_Human,"Valine, leucine and isoleucine degradation",1/48,0.9997413740162738,0.9999962550231296,0,0,0.1130197150107358,2.923361542434405e-05,IL4I1,Basal,Activated
KEGG_2021_Human,Relaxin signaling pathway,8/129,0.9997415100306386,0.9999962550231296,0,0,0.3504299931347835,9.059434755828976e-05,SHC4;GNGT1;MMP13;MMP1;GNG4;RXFP1;MMP9;GNG13,Basal,Activated
KEGG_2021_Human,HIF-1 signaling pathway,6/109,0.9997477658979792,0.9999962550231296,0,0,0.3088892170253609,7.79222220143654e-05,LDHC;IFNG;EIF4EBP1;SLC2A1;GAPDH;PFKP,Basal,Activated
KEGG_2021_Human,Fluid shear stress and atherosclerosis,9/139,0.9997492009182786,0.9999962550231296,0,0,0.3668594013027885,9.201954065815976e-05,IL1A;GSTA5;CALML5;IFNG;IL1R2;GSTA2;RAC3;TNF;MMP9,Basal,Activated
KEGG_2021_Human,Hepatocellular carcinoma,12/168,0.9997692784703268,0.9999962550231296,0,0,0.4073748473748473,9.40009923800754e-05,SHC4;WNT6;WNT10A;GSTA5;TERT;ACTL6B;CDKN2A;GSTA2;FZD9;E2F1;E2F2;E2F3,Basal,Activated
KEGG_2021_Human,Bacterial invasion of epithelial cells,3/77,0.9997920310368954,0.9999962550231296,0,0,0.2151382151382151,4.474672465272839e-05,SHC4;SEPTIN3;ACTR3B,Basal,Activated
KEGG_2021_Human,PD-L1 expression and PD-1 checkpoint pathway in cancer,4/89,0.999798661376769,0.9999962550231296,0,0,0.2496442275453563,5.026808569496398e-05,BATF2;IFNG;NFKBIE;RASGRP1,Basal,Activated
KEGG_2021_Human,N-Glycan biosynthesis,1/50,0.9998159803287576,0.9999962550231296,0,0,0.1083937529456578,1.9948418288761117e-05,MGAT5B,Basal,Activated
KEGG_2021_Human,Vibrio cholerae infection,1/50,0.9998159803287576,0.9999962550231296,0,0,0.1083937529456578,1.9948418288761117e-05,ATP6V1C2,Basal,Activated
KEGG_2021_Human,RNA degradation,3/79,0.9998446182226054,0.9999962550231296,0,0,0.2094516919078322,3.2547504877013865e-05,EXOSC4;PNLDC1;PFKP,Basal,Activated
KEGG_2021_Human,Long-term potentiation,2/67,0.999865569891922,0.9999962550231296,0,0,0.1633203505355404,2.1956648224214104e-05,CALML5;GRIN2D,Basal,Activated
KEGG_2021_Human,C-type lectin receptor signaling pathway,5/104,0.9998793665736296,0.9999962550231296,0,0,0.2677871524878177,3.230603037534673e-05,CLEC4D;CALML5;CLEC7A;CLEC6A;TNF,Basal,Activated
KEGG_2021_Human,T cell receptor signaling pathway,5/104,0.9998793665736296,0.9999962550231296,0,0,0.2677871524878177,3.230603037534673e-05,IFNG;ICOS;NFKBIE;TNF;RASGRP1,Basal,Activated
KEGG_2021_Human,Apelin signaling pathway,8/137,0.9998998870335344,0.9999962550231296,0,0,0.3285406005908579,3.289282065598181e-05,GNGT1;MYLK2;CALML5;GNG4;BECN2;SPP1;PRKAG3;GNG13,Basal,Activated
KEGG_2021_Human,Measles,8/139,0.9999209007030586,0.9999962550231296,0,0,0.3234859889538063,2.5588526327198756e-05,IFIH1;IL1A;CCNE2;CCNE1;IFNB1;IL2RA;HSPA6;MX1,Basal,Activated
KEGG_2021_Human,Adherens junction,2/71,0.999927304321076,0.9999962550231296,0,0,0.1538158136121812,1.1182151451735909e-05,RAC3;NECTIN4,Basal,Activated
KEGG_2021_Human,Adrenergic signaling in cardiomyocytes,9/150,0.9999291354727614,0.9999962550231296,0,0,0.3380164787335263,2.395422672680517e-05,CALML5;ATP1A3;ATP2B3;TNNI3;ATP2B2;MYH6;AGT;MYH7;CACNG5,Basal,Activated
KEGG_2021_Human,ErbB signaling pathway,3/85,0.9999346257921122,0.9999962550231296,0,0,0.1940564704792347,1.2686702739165936e-05,SHC4;NRG4;EIF4EBP1,Basal,Activated
KEGG_2021_Human,Thyroid hormone signaling pathway,6/121,0.9999444741449448,0.9999962550231296,0,0,0.2764589188295586,1.5351044049482648e-05,SLC2A1;ATP1A3;SLC16A10;MYH6;PFKP;MYH7,Basal,Activated
KEGG_2021_Human,Shigellosis,19/246,0.9999470459071328,0.9999962550231296,0,0,0.4423633527270587,2.342557030669591e-05,H3C8;CXCL8;RIPK2;IFNB1;BECN2;CGAS;SEPTIN3;ACTR3B;TNF;H3C13;H3C14;H3C11;H3C12;H3C1;H3C10;H3C3;H3C2;H3C7;PFN2,Basal,Activated
KEGG_2021_Human,Oxytocin signaling pathway,9/154,0.999954759653326,0.9999962550231296,0,0,0.3286131434758358,1.4866908827059982e-05,KCNJ4;MYLK2;KCNJ6;CALML5;PLA2G4D;KCNJ9;KCNJ18;PRKAG3;CACNG5,Basal,Activated
KEGG_2021_Human,mTOR signaling pathway,9/154,0.999954759653326,0.9999962550231296,0,0,0.3286131434758358,1.4866908827059982e-05,WNT6;SLC7A5;WNT10A;TBC1D7;EIF4EBP1;FZD9;SKP2;TNF;ATP6V1C2,Basal,Activated
KEGG_2021_Human,AGE-RAGE signaling pathway in diabetic complications,4/100,0.9999550850897638,0.9999962550231296,0,0,0.220894025754697,9.921658155339426e-06,IL1A;CXCL8;TNF;AGT,Basal,Activated
KEGG_2021_Human,Kaposi sarcoma-associated herpesvirus infection,13/193,0.9999552356293858,0.9999962550231296,0,0,0.3820507392117427,1.7102643680892333e-05,CXCL8;CALML5;IFNB1;BECN2;CXCL1;HLA-G;GNG13;GNGT1;GNG4;E2F1;CCR8;E2F2;E2F3,Basal,Activated
KEGG_2021_Human,Calcium signaling pathway,18/240,0.9999593652487376,0.9999962550231296,0,0,0.4285124819475964,1.7412851902657702e-05,CHRM3;MYLK2;CALML5;AVPR1B;CACNA1B;HTR2C;ATP2B3;ATP2B2;CACNA1E;MCOLN2;GRIN2D;FGF5;HTR6;CCKBR;GDNF;P2RX2;NTSR1;FGF21,Basal,Activated
KEGG_2021_Human,Thyroid hormone synthesis,2/75,0.9999600338865922,0.9999962550231296,0,0,0.1453528697763135,5.809305366087119e-06,ATP1A3;CGA,Basal,Activated
KEGG_2021_Human,Long-term depression,1/60,0.999964665276053,0.9999962550231296,0,0,0.0899683108220419,3.1790615928384413e-06,PLA2G4D,Basal,Activated
KEGG_2021_Human,Chagas disease,4/102,0.9999653998886714,0.9999962550231296,0,0,0.2163601349342777,7.4862142684692445e-06,CXCL8;IFNG;IFNB1;TNF,Basal,Activated
KEGG_2021_Human,Longevity regulating pathway,4/102,0.9999653998886714,0.9999962550231296,0,0,0.2163601349342777,7.4862142684692445e-06,HSPA6;EIF4EBP1;PRKAG3;FOXA2,Basal,Activated
KEGG_2021_Human,Leukocyte transendothelial migration,5/114,0.9999666151845455,0.9999962550231296,0,0,0.2430742227117255,8.115123528642614e-06,CLDN6;CLDN10;CLDN9;CLDN16;MMP9,Basal,Activated
KEGG_2021_Human,Human cytomegalovirus infection,16/225,0.9999695111753678,0.9999962550231296,0,0,0.4046514598928692,1.2337535477267288e-05,CXCL8;CALML5;CDKN2A;IFNB1;TAP1;CGAS;HLA-G;TNF;GNG13;GNGT1;GNG4;EIF4EBP1;E2F1;RAC3;E2F2;E2F3,Basal,Activated
KEGG_2021_Human,GnRH signaling pathway,3/93,0.9999779652571976,0.9999962550231296,0,0,0.1767225915374063,3.894079754557537e-06,CALML5;PLA2G4D;CGA,Basal,Activated
KEGG_2021_Human,Chemical carcinogenesis,17/239,0.999979736206928,0.9999962550231296,0,0,0.4045775505234965,8.198358830573277e-06,UGT1A10;CHRNB4;CACNA1B;CHRNA9;EPHX3;CDC6;CDC25A;DLL3;FGF5;GSTA5;GSTA2;EIF4EBP1;E2F1;BIRC5;AIPL1;KPNA2;UGT1A6,Basal,Activated
KEGG_2021_Human,Phagosome,8/152,0.999981178734723,0.9999962550231296,0,0,0.2940534066088917,5.534509254779267e-06,TUBA1C;TUBB3;CLEC7A;TAP1;HLA-DOB;HLA-G;TUBB4A;ATP6V1C2,Basal,Activated
KEGG_2021_Human,B cell receptor signaling pathway,2/81,0.99998258806422,0.9999962550231296,0,0,0.1342653420926133,2.337839867211006e-06,RAC3;NFKBIE,Basal,Activated
KEGG_2021_Human,Ras signaling pathway,16/232,0.9999830701999624,0.9999962550231296,0,0,0.3913729368274823,6.625921648514673e-06,SHC4;PLA2G2F;CALML5;PLA2G4D;RASGRF1;RASAL1;EFNA4;RASGRP1;GNG13;GNGT1;FGF5;EFNA3;EFNA2;GNG4;RAC3;FGF21,Basal,Activated
KEGG_2021_Human,Insulin resistance,4/108,0.99998329456253,0.9999962550231296,0,0,0.2038047449700394,3.404675861567448e-06,SLC2A1;TNF;PRKAG3;AGT,Basal,Activated
KEGG_2021_Human,Ribosome biogenesis in eukaryotes,4/108,0.99998329456253,0.9999962550231296,0,0,0.2038047449700394,3.404675861567448e-06,SNORD3B-2;SNORD3B-1;POP1;SNORD3A,Basal,Activated
KEGG_2021_Human,AMPK signaling pathway,5/120,0.9999833085232832,0.9999962550231296,0,0,0.2303094572447701,3.844237026368918e-06,CCNA2;CCNA1;EIF4EBP1;PRKAG3;PFKP,Basal,Activated
KEGG_2021_Human,Peroxisome,2/82,0.9999846504399906,0.9999962550231296,0,0,0.1325791139240506,2.0350466837418764e-06,ACSL6;HAO1,Basal,Activated
KEGG_2021_Human,Fc gamma R-mediated phagocytosis,3/97,0.99998632831797,0.9999962550231296,0,0,0.1691620698712897,2.3127458404407584e-06,MARCKSL1;PLA2G4D;ACTR3B,Basal,Activated
KEGG_2021_Human,cGMP-PKG signaling pathway,9/167,0.9999874485193828,0.9999962550231296,0,0,0.3013404954895277,3.782293125015196e-06,OPRD1;MYLK2;CALML5;ATP1A3;ATP2B3;ATP2B2;MYH6;CNGB1;MYH7,Basal,Activated
KEGG_2021_Human,Choline metabolism in cancer,3/98,0.999987734551732,0.9999962550231296,0,0,0.1673714200029989,2.052898083460808e-06,PLA2G4D;EIF4EBP1;RAC3,Basal,Activated
KEGG_2021_Human,Glycerophospholipid metabolism,3/98,0.999987734551732,0.9999962550231296,0,0,0.1673714200029989,2.052898083460808e-06,PLA2G2F;PLA2G4D;CHAT,Basal,Activated
KEGG_2021_Human,MicroRNAs in cancer,24/310,0.9999879902234126,0.9999962550231296,0,0,0.4426319378518231,5.315942605771669e-06,SHC4;TRIM71;ST14;CDKN2A;CDCA5;HMGA2;KIF23;CDC25C;EFNA4;MMP9;CDC25A;CDC25B;EFNA3;EFNA2;CCNE2;CCNE1;STMN1;FSCN1;DNMT3B;E2F1;IGF2BP1;E2F2;E2F3;EZH2,Basal,Activated
KEGG_2021_Human,Toxoplasmosis,4/112,0.999988965806104,0.9999962550231296,0,0,0.1962095090657472,2.165025711955264e-06,IFNG;HSPA6;TNF;HLA-DOB,Basal,Activated
KEGG_2021_Human,Tight junction,9/169,0.9999892491139196,0.9999962550231296,0,0,0.2975380589914367,3.198814971905709e-06,CLDN6;TUBA1C;CLDN10;PCNA;CLDN9;CLDN16;ACTR3B;CD1A;PRKAG3,Basal,Activated
KEGG_2021_Human,Tuberculosis,10/180,0.9999896737680702,0.9999962550231296,0,0,0.3110630038817557,3.21212530745426e-06,IL1A;CALML5;IFNG;CLEC7A;RIPK2;IFNB1;CR1L;LBP;TNF;HLA-DOB,Basal,Activated
KEGG_2021_Human,Renal cell carcinoma,1/69,0.9999899226104908,0.9999962550231296,0,0,0.0780188696801086,7.862305004074513e-07,SLC2A1,Basal,Activated
KEGG_2021_Human,Colorectal cancer,2/86,0.9999902431650544,0.9999962550231296,0,0,0.1262356841470765,1.231666743053293e-06,RAC3;BIRC5,Basal,Activated
KEGG_2021_Human,Axon guidance,10/182,0.9999909344968808,0.9999962550231296,0,0,0.3074091016408924,2.7868308017888333e-06,SEMA5B;EPHA7;EFNA3;EFNA2;DPYSL5;EPHA8;RAC3;L1CAM;EFNA4;EPHB3,Basal,Activated
KEGG_2021_Human,Lysosome,5/128,0.9999918556627198,0.9999962550231296,0,0,0.2152269701347631,1.7528881746491011e-06,LAPTM4B;PSAPL1;LAMP3;HYAL4;CTSV,Basal,Activated
KEGG_2021_Human,Hippo signaling pathway,8/163,0.9999921234131844,0.9999962550231296,0,0,0.2730050933786078,2.1503567878333007e-06,SOX2;TEAD4;WNT6;WNT10A;TP53BP2;FZD9;BIRC5;GDF5,Basal,Activated
KEGG_2021_Human,Human papillomavirus infection,25/331,0.9999925758806336,0.9999962550231296,0,0,0.4305558159933828,3.196509637474871e-06,RBPJL;TNF;OASL;WNT6;TERT;IBSP;SPP1;EIF4EBP1;E2F1;ATP6V1C2;HES6;WNT10A;IFNB1;MX1;FZD9;ISG15;HLA-G;CCNA2;CCNA1;COL2A1;CCNE2;CCNE1;COL9A1;COL9A3;COL6A5,Basal,Activated
KEGG_2021_Human,RNA transport,10/186,0.9999926836508022,0.9999962550231296,0,0,0.3003504268574065,2.1974766433651493e-06,SNORD3B-2;POM121L2;SNORD3B-1;NUP210;POP1;ALYREF;EIF4EBP1;TACC3;SNORD3A;RNVU1-7,Basal,Activated
KEGG_2021_Human,Pathogenic Escherichia coli infection,11/197,0.9999928379719656,0.9999962550231296,0,0,0.312534337964053,2.238387705922613e-06,CLDN6;TUBA1C;CLDN10;CXCL8;CLDN9;TUBB3;CLDN16;ACTR3B;TUBB4A;TNF;GAPDH,Basal,Activated
KEGG_2021_Human,"Growth hormone synthesis, secretion and action",4/119,0.9999935027725516,0.9999962550231296,0,0,0.1841892226780846,1.196723160976732e-06,SHC4;GH2;GHRHR;CSH2,Basal,Activated
KEGG_2021_Human,Neurotrophin signaling pathway,4/119,0.9999935027725516,0.9999962550231296,0,0,0.1841892226780846,1.196723160976732e-06,SHC4;CALML5;RIPK2;NFKBIE,Basal,Activated
KEGG_2021_Human,Sphingolipid signaling pathway,4/119,0.9999935027725516,0.9999962550231296,0,0,0.1841892226780846,1.196723160976732e-06,OPRD1;RAC3;TNF;CERS1,Basal,Activated
KEGG_2021_Human,Pathways in cancer,37/531,0.9999938062216512,0.9999962550231296,0,0,0.3917266396761134,2.426275493373272e-06,CXCL8;CALML5;SLC2A1;BRCA2;RASGRP1;CKS1B;DLL3;FGF5;GNGT1;WNT6;TERT;GNG4;E2F1;E2F2;RAC3;E2F3;SKP2;IL12RB2;FGF21;WNT10A;CDKN2A;MMP1;FZD9;MMP9;AGT;GNG13;CCNA2;CCNA1;RAD51;GSTA5;CCNE2;IFNG;CCNE1;IL2RA;GSTA2;CKS2;BIRC5,Basal,Activated
KEGG_2021_Human,Oxidative phosphorylation,5/133,0.9999938961822818,0.9999962550231296,0,0,0.2067578001267025,1.2620157753402289e-06,ATP4B;ATP12A;COX6A2;COX7B2;ATP6V1C2,Basal,Activated
KEGG_2021_Human,Herpes simplex virus 1 infection,18/498,0.9999939112545512,0.9999962550231296,0,0,0.1951097328244274,1.1879771144057655e-06,ZNF560;ZNF492;IFNB1;ALYREF;TAP1;CGAS;TNF;HLA-G;SRPK1;IFIH1;IFNG;ZNF716;ZNF726;EIF4EBP1;ZNF679;HLA-DOB;ZNF730;ZNF124,Basal,Activated
KEGG_2021_Human,Pathways of neurodegeneration,22/475,0.999993988259055,0.9999962550231296,0,0,0.2534202274996133,1.5235013373888489e-06,CHRM3;DNAH11;WNT10A;GPR37;TOMM40;DNAH17;CALML5;BECN2;DNAH14;FZD9;CACNA1B;DKK1;TUBB4A;TNF;COX6A2;COX7B2;GRIN2D;TUBA1C;IL1A;WNT6;UCHL1;TUBB3,Basal,Activated
KEGG_2021_Human,Olfactory transduction,17/440,0.9999941119051649,0.9999962550231296,0,0,0.2097629544438055,1.2351078048857165e-06,OR2B2;CALML5;OR1F1;OR2H2;OR2J3;GNG13;OR2S2;CNGA2;OR8A1;OR4C6;OR52E5;OR8G5;OR2B6;OR8D1;OR56A3;CNGB1;OR56A1,Basal,Activated
KEGG_2021_Human,Alzheimer disease,16/369,0.9999943919183764,0.9999962550231296,0,0,0.2375065058557204,1.3319596058312386e-06,CHRM3;WNT10A;CALML5;BECN2;FZD9;DKK1;TUBB4A;COX6A2;TNF;COX7B2;GRIN2D;TUBA1C;IL1A;WNT6;TUBB3;GAPDH,Basal,Activated
KEGG_2021_Human,Amyotrophic lateral sclerosis,17/364,0.999994413389084,0.9999962550231296,0,0,0.2568891658228834,1.4351438268120814e-06,DNAH11;TOMM40;NUP210;DNAH17;ALYREF;BECN2;DNAH14;TUBB4A;COX6A2;TNF;COX7B2;GRIN2D;TUBA1C;POM121L2;TUBB3;NRG4;PFN2,Basal,Activated
KEGG_2021_Human,PI3K-Akt signaling pathway,22/354,0.9999944487593048,0.9999962550231296,0,0,0.3483347402348246,1.9336953527258e-06,IFNB1;CSH2;OSM;EFNA4;GNG13;GNGT1;FGF5;GH2;EFNA3;COL2A1;EFNA2;IBSP;CCNE2;CCNE1;GNG4;IL2RA;COL9A1;SPP1;EIF4EBP1;COL9A3;COL6A5;FGF21,Basal,Activated
KEGG_2021_Human,Phospholipase D signaling pathway,6/148,0.9999944671589094,0.9999962550231296,0,0,0.2235313018797193,1.23676659349875e-06,SHC4;CXCL8;AVPR1B;PLA2G4D;GRM8;AGT,Basal,Activated
KEGG_2021_Human,MAPK signaling pathway,18/294,0.9999946492653288,0.9999962550231296,0,0,0.3435529372718221,1.838265530864294e-06,PLA2G4D;HSPA6;RASGRF1;CACNA1B;DUSP9;TNF;CACNA1E;EFNA4;RASGRP1;CDC25B;FGF5;IL1A;EFNA3;EFNA2;STMN1;RAC3;FGF21;CACNG5,Basal,Activated
KEGG_2021_Human,Huntington disease,11/306,0.999994682999285,0.9999962550231296,0,0,0.1957656703010612,1.0408889761779424e-06,TUBA1C;DNAH11;KCNJ10;DNAH17;TUBB3;BECN2;DNAH14;CACNA1B;TUBB4A;COX6A2;COX7B2,Basal,Activated
KEGG_2021_Human,Yersinia infection,5/137,0.9999947312264312,0.9999962550231296,0,0,0.2004444188479665,1.0560990382088837e-06,CXCL8;IFNB1;RAC3;TNF;ACTR3B,Basal,Activated
KEGG_2021_Human,Prion disease,11/273,0.9999948569056823,0.9999962550231296,0,0,0.2208628788631259,1.1359215383145584e-06,TUBA1C;IL1A;C8G;TUBB3;HSPA6;CACNA1B;TUBB4A;COX6A2;TNF;COX7B2;GRIN2D,Basal,Activated
KEGG_2021_Human,Focal adhesion,10/201,0.9999949064059244,0.9999962550231296,0,0,0.276513540808462,1.4084513203371445e-06,SHC4;MYLK2;COL2A1;IBSP;RASGRF1;COL9A1;SPP1;RAC3;COL9A3;COL6A5,Basal,Activated
KEGG_2021_Human,Endocytosis,8/252,0.9999949774587013,0.9999962550231296,0,0,0.172500181918355,8.663914634719692e-07,GRK1;SH3GL3;DNAJC6;IL2RA;HSPA6;HLA-G;ACTR3B;SH3GL2,Basal,Activated
KEGG_2021_Human,Salmonella infection,10/249,0.9999949947558654,0.9999962550231296,0,0,0.2203422679098613,1.102869604129242e-06,TUBA1C;CXCL8;CASP5;RIPK2;TUBB3;ACTR3B;TUBB4A;TNF;GAPDH;PFN2,Basal,Activated
KEGG_2021_Human,Parkinson disease,9/249,0.999994995281128,0.9999962550231296,0,0,0.1974072312083729,9.879701677768031e-07,TUBA1C;UCHL1;GPR37;CALML5;TH;TUBB3;TUBB4A;COX6A2;COX7B2,Basal,Activated
KEGG_2021_Human,Coronavirus disease,11/232,0.9999950715536602,0.9999962550231296,0,0,0.2624850833822775,1.2936468362881789e-06,IFIH1;CXCL10;C8G;CXCL8;IFNB1;MMP1;MX1;CGAS;F13B;ISG15;TNF,Basal,Activated
KEGG_2021_Human,Ubiquitin mediated proteolysis,5/140,0.9999950967660792,0.9999962550231296,0,0,0.1959549032719764,9.608150842390245e-07,CDC20;UBE2C;UBE2S;UBE2U;SKP2,Basal,Activated
KEGG_2021_Human,Thermogenesis,6/232,0.999995100542817,0.9999962550231296,0,0,0.1397422524311047,6.846628596762509e-07,ACTL6B;ACSL6;COX6A2;COX7B2;PRKAG3;FGF21,Basal,Activated
KEGG_2021_Human,Regulation of actin cytoskeleton,10/218,0.999995148730854,0.9999962550231296,0,0,0.2536545782897306,1.2305496142816337e-06,FGF5;CHRM3;MYLK2;DIAPH3;RAC3;ACTR3B;IQGAP3;FGD1;PFN2;FGF21,Basal,Activated
KEGG_2021_Human,Osteoclast differentiation,4/127,0.9999951864123088,0.9999962550231296,0,0,0.1721270537594546,8.285506614549513e-07,IL1A;IFNG;IFNB1;TNF,Basal,Activated
KEGG_2021_Human,Lipid and atherosclerosis,9/215,0.9999951981266928,0.9999962550231296,0,0,0.2304601258163746,1.106642983488548e-06,CXCL8;CALML5;IFNB1;MMP1;HSPA6;CXCL1;LBP;TNF;MMP9,Basal,Activated
KEGG_2021_Human,Non-alcoholic fatty liver disease,6/155,0.9999952044726228,0.9999962550231296,0,0,0.2129405159874448,1.0211645226459167e-06,IL1A;CXCL8;COX6A2;TNF;COX7B2;PRKAG3,Basal,Activated
KEGG_2021_Human,Rap1 signaling pathway,8/210,0.9999952411594244,0.9999962550231296,0,0,0.2088939394890662,9.940953206105171e-07,FGF5;EFNA3;EFNA2;CALML5;RAC3;EFNA4;PFN2;FGF21,Basal,Activated
KEGG_2021_Human,Proteoglycans in cancer,6/205,0.9999952816787272,0.9999962550231296,0,0,0.1589602002407474,7.500270637779595e-07,WNT6;WNT10A;FZD9;PLAUR;TNF;MMP9,Basal,Activated
KEGG_2021_Human,Diabetic cardiomyopathy,7/203,0.9999952934731712,0.9999962550231296,0,0,0.1883857822051166,8.866448246277981e-07,SLC2A1;TNNI3;COX6A2;COX7B2;MMP9;GAPDH;AGT,Basal,Activated
KEGG_2021_Human,Spinocerebellar ataxia,5/143,0.9999953241219576,0.9999962550231296,0,0,0.1916605840253772,8.961836116458111e-07,RBPJL;MYOD1;BECN2;SLC1A6;GRIN2D,Basal,Activated
KEGG_2021_Human,mRNA surveillance pathway,2/98,0.9999954119787352,0.9999962550231296,0,0,0.1103771097046413,5.064136881785566e-07,ALYREF;MSI1,Basal,Activated
KEGG_2021_Human,Protein processing in endoplasmic reticulum,1/171,0.9999955420754404,0.9999962550231296,0,0,0.0310177345218378,1.3827502871493536e-07,HSPA6,Basal,Activated
KEGG_2021_Human,Ribosome,2/158,0.9999956531880976,0.9999962550231296,0,0,0.0676809477442388,2.941969886318479e-07,MRPS12;MRPL12,Basal,Activated
KEGG_2021_Human,Insulin signaling pathway,4/137,0.9999956812864093,0.9999962550231296,0,0,0.1590899350974015,6.870653484762174e-07,SHC4;CALML5;EIF4EBP1;PRKAG3,Basal,Activated
KEGG_2021_Human,Spliceosome,3/150,0.9999957231700084,0.9999962550231296,0,0,0.1078292665594252,4.611684273638431e-07,ALYREF;HSPA6;RNVU1-7,Basal,Activated
KEGG_2021_Human,Platelet activation,3/124,0.9999958360558254,0.9999962550231296,0,0,0.1312032524153736,5.463241560125021e-07,MYLK2;PLA2G4D;RASGRP1,Basal,Activated
KEGG_2021_Human,Autophagy,2/137,0.999995848867661,0.9999962550231296,0,0,0.0783075480543835,3.250656698106262e-07,ATG9B;BECN2,Basal,Activated
KEGG_2021_Human,Purine metabolism,1/129,0.9999959318559088,0.9999962550231296,0,0,0.0412992328377095,1.6801157179028228e-07,RRM2,Basal,Activated
KEGG_2021_Human,"Parathyroid hormone synthesis, secretion and action",1/106,0.9999961821887332,0.9999962550231296,0,0,0.0504150283966797,1.9247543084620294e-07,MMP13,Basal,Activated
KEGG_2021_Human,Phosphatidylinositol signaling system,1/97,0.9999962550231296,0.9999962550231296,0,0,0.0551710956448381,2.0661486398818385e-07,CALML5,Basal,Activated
